"","Date","Julian","Station","Standard","ZipCodes","Scope","DayAirTmpAvg.Value","DayAirTmpAvg.Qc","DayAirTmpAvg.Unit","DayAirTmpMax.Value","DayAirTmpMax.Qc","DayAirTmpMax.Unit","DayAirTmpMin.Value","DayAirTmpMin.Qc","DayAirTmpMin.Unit","DayDewPnt.Value","DayDewPnt.Qc","DayDewPnt.Unit","DayAsceEto.Value","DayAsceEto.Qc","DayAsceEto.Unit","DayPrecip.Value","DayPrecip.Qc","DayPrecip.Unit","DayRelHumAvg.Value","DayRelHumAvg.Qc","DayRelHumAvg.Unit","DayRelHumMax.Value","DayRelHumMax.Qc","DayRelHumMax.Unit","DayRelHumMin.Value","DayRelHumMin.Qc","DayRelHumMin.Unit","DaySoilTmpAvg.Value","DaySoilTmpAvg.Qc","DaySoilTmpAvg.Unit","DaySolRadAvg.Value","DaySolRadAvg.Qc","DaySolRadAvg.Unit","DayVapPresAvg.Value","DayVapPresAvg.Qc","DayVapPresAvg.Unit","DayWindRun.Value","DayWindRun.Qc","DayWindRun.Unit","DayWindSpdAvg.Value","DayWindSpdAvg.Qc","DayWindSpdAvg.Unit"
"1","2018-01-01","1","231","metric","93436, 93437, 93438","daily","9.3"," ","(C)","18"," ","(C)","2.1"," ","(C)","7.2"," ","(C)",NA,"N","(mm)","0"," ","(mm)","87"," ","(%)","95"," ","(%)","67"," ","(%)","10"," ","(C)","103"," ","(W./sq.m)","1"," ","(kPa)","38.6","I","(m/s)","0.4","I","(m/s)"
"2","2018-01-02","2","231","metric","93436, 93437, 93438","daily","10.3"," ","(C)","19"," ","(C)","5.2"," ","(C)","7.7"," ","(C)",NA,"N","(mm)","0"," ","(mm)","84"," ","(%)","91"," ","(%)","56"," ","(%)","10.2"," ","(C)","76"," ","(W./sq.m)","1.1"," ","(kPa)","38.6","I","(m/s)","0.4","I","(m/s)"
"3","2018-01-03","3","231","metric","93436, 93437, 93438","daily","12.5","H","(C)","19.5"," ","(C)","3.3"," ","(C)","7.7"," ","(C)",NA,"N","(mm)","0"," ","(mm)","73"," ","(%)","91","H","(%)","41","H","(%)","10.1"," ","(C)","31"," ","(W./sq.m)","1.1"," ","(kPa)","38.6","I","(m/s)","0.4","I","(m/s)"
"4","2018-01-04","4","231","metric","93436, 93437, 93438","daily","17.2","Y","(C)","20.6"," ","(C)","14","R","(C)",NA,"I","(C)",NA,"N","(mm)","0"," ","(mm)",NA,"R","(%)","93"," ","(%)","76"," ","(%)","11.7"," ","(C)","75"," ","(W./sq.m)","1.7","R","(kPa)","38.6","I","(m/s)","0.4","I","(m/s)"
"5","2018-01-05","5","231","metric","93436, 93437, 93438","daily","15.2"," ","(C)","18.8"," ","(C)","13.6","R","(C)",NA,"I","(C)",NA,"N","(mm)","0"," ","(mm)",NA,"R","(%)","96"," ","(%)","92"," ","(%)","12.8","Y","(C)","90"," ","(W./sq.m)","1.6","R","(kPa)","38.6","I","(m/s)","0.4","I","(m/s)"
"6","2018-01-06","6","231","metric","93436, 93437, 93438","daily","14.4"," ","(C)","17.1"," ","(C)","10.6","Y","(C)","13.6","Y","(C)",NA,"N","(mm)","0"," ","(mm)","95","Y","(%)","96"," ","(%)","91"," ","(%)","13","Y","(C)","68"," ","(W./sq.m)","1.6","Y","(kPa)","38.6","I","(m/s)","0.4","I","(m/s)"
"7","2018-01-07","7","231","metric","93436, 93437, 93438","daily","14.3"," ","(C)","20.1"," ","(C)","10.7","Y","(C)","13.1","Y","(C)",NA,"N","(mm)","0"," ","(mm)","93","Y","(%)","97"," ","(%)","76"," ","(%)","12.8","Y","(C)","112"," ","(W./sq.m)","1.5","Y","(kPa)","38.6","I","(m/s)","0.4","I","(m/s)"
"8","2018-01-08","8","231","metric","93436, 93437, 93438","daily","16.1"," ","(C)","19.9"," ","(C)","13.3","Y","(C)","13.6","Y","(C)",NA,"N","(mm)","0"," ","(mm)","85","Y","(%)","95"," ","(%)","63"," ","(%)","12.8","Y","(C)","33"," ","(W./sq.m)","1.6","Y","(kPa)","38.6","I","(m/s)","0.4","I","(m/s)"
"9","2018-01-09","9","231","metric","93436, 93437, 93438","daily","13.9"," ","(C)","17.5"," ","(C)","11.7","Y","(C)","11.9","Y","(C)",NA,"N","(mm)","0"," ","(mm)","88","Y","(%)","95"," ","(%)","70"," ","(%)","13.2","Y","(C)","96"," ","(W./sq.m)","1.4","Y","(kPa)","38.6","I","(m/s)","0.4","I","(m/s)"
"10","2018-01-10","10","231","metric","93436, 93437, 93438","daily","13.6"," ","(C)","15.8"," ","(C)","10.3"," ","(C)","10.3"," ","(C)",NA,"N","(mm)","0"," ","(mm)","80"," ","(%)","91"," ","(%)","63"," ","(%)","13.1","Y","(C)","130"," ","(W./sq.m)","1.3"," ","(kPa)","38.6","I","(m/s)","0.4","I","(m/s)"
"11","2018-01-11","11","231","metric","93436, 93437, 93438","daily","12.7"," ","(C)","20"," ","(C)","7.5"," ","(C)","10.4"," ","(C)",NA,"N","(mm)","0"," ","(mm)","86"," ","(%)","93"," ","(%)","70"," ","(%)","12.6"," ","(C)","134"," ","(W./sq.m)","1.3"," ","(kPa)","38.6","I","(m/s)","0.4","I","(m/s)"
"12","2018-01-12","12","231","metric","93436, 93437, 93438","daily","13.2"," ","(C)","25.7"," ","(C)","5.2"," ","(C)","8.5"," ","(C)",NA,"N","(mm)","0"," ","(mm)","73"," ","(%)","95"," ","(%)","32"," ","(%)","12.3"," ","(C)","110"," ","(W./sq.m)","1.1"," ","(kPa)","38.6","I","(m/s)","0.4","I","(m/s)"
"13","2018-01-13","13","231","metric","93436, 93437, 93438","daily","12.4"," ","(C)","23.9"," ","(C)","4.4"," ","(C)","7.4"," ","(C)",NA,"N","(mm)","0"," ","(mm)","72"," ","(%)","88"," ","(%)","41"," ","(%)","12"," ","(C)","113"," ","(W./sq.m)","1"," ","(kPa)","38.6","I","(m/s)","0.4","I","(m/s)"
"14","2018-01-14","14","231","metric","93436, 93437, 93438","daily","13.8"," ","(C)","26.2"," ","(C)","6.8"," ","(C)","7"," ","(C)",NA,"N","(mm)","0"," ","(mm)","63"," ","(%)","86"," ","(%)","27"," ","(%)","11.9"," ","(C)","114"," ","(W./sq.m)","1"," ","(kPa)","38.6","I","(m/s)","0.4","I","(m/s)"
"15","2018-01-15","15","231","metric","93436, 93437, 93438","daily","12.3"," ","(C)","19.7"," ","(C)","5.7"," ","(C)","9.8"," ","(C)",NA,"N","(mm)","0"," ","(mm)","85"," ","(%)","92"," ","(%)","60"," ","(%)","11.9"," ","(C)","95"," ","(W./sq.m)","1.2"," ","(kPa)","38.6","I","(m/s)","0.4","I","(m/s)"
"16","2018-01-16","16","231","metric","93436, 93437, 93438","daily","13.2"," ","(C)","17.4"," ","(C)","8.6"," ","(C)","12","Y","(C)",NA,"N","(mm)","0"," ","(mm)","92","Y","(%)","95"," ","(%)","76"," ","(%)","12.4"," ","(C)","81"," ","(W./sq.m)","1.4","Y","(kPa)","38.6","I","(m/s)","0.4","I","(m/s)"
"17","2018-01-17","17","231","metric","93436, 93437, 93438","daily","13"," ","(C)","17.9"," ","(C)","9.6"," ","(C)","11.9","Y","(C)",NA,"N","(mm)","0"," ","(mm)","93","Y","(%)","97"," ","(%)","79"," ","(%)","13"," ","(C)","99"," ","(W./sq.m)","1.4","Y","(kPa)","38.6","I","(m/s)","0.4","I","(m/s)"
"18","2018-01-18","18","231","metric","93436, 93437, 93438","daily","13.5"," ","(C)","18"," ","(C)","10.2"," ","(C)","12.3","Y","(C)",NA,"N","(mm)","0"," ","(mm)","93","Y","(%)","97"," ","(%)","82"," ","(%)","13.1"," ","(C)","116"," ","(W./sq.m)","1.4","Y","(kPa)","38.6","I","(m/s)","0.4","I","(m/s)"
"19","2018-01-19","19","231","metric","93436, 93437, 93438","daily","12.8"," ","(C)","15.5"," ","(C)","9.4"," ","(C)","9.1"," ","(C)",NA,"N","(mm)","0"," ","(mm)","78"," ","(%)","95"," ","(%)","58"," ","(%)","13.2"," ","(C)","72"," ","(W./sq.m)","1.2"," ","(kPa)","38.6","I","(m/s)","0.4","I","(m/s)"
"20","2018-01-20","20","231","metric","93436, 93437, 93438","daily","9.8"," ","(C)","14.5"," ","(C)","3.9"," ","(C)","4.7"," ","(C)",NA,"N","(mm)","0"," ","(mm)","71"," ","(%)","85"," ","(%)","48"," ","(%)","11.6"," ","(C)","126"," ","(W./sq.m)","0.9"," ","(kPa)","38.6","I","(m/s)","0.4","I","(m/s)"
"21","2018-01-21","21","231","metric","93436, 93437, 93438","daily","7.9"," ","(C)","15.6"," ","(C)","1.2"," ","(C)","3.5"," ","(C)",NA,"N","(mm)","0"," ","(mm)","74"," ","(%)","91"," ","(%)","44"," ","(%)","10.6"," ","(C)","100"," ","(W./sq.m)","0.8"," ","(kPa)","38.6","I","(m/s)","0.4","I","(m/s)"
"22","2018-01-22","22","231","metric","93436, 93437, 93438","daily","9.5"," ","(C)","18.4"," ","(C)","-0.3"," ","(C)","6.5"," ","(C)",NA,"N","(mm)","0"," ","(mm)","82"," ","(%)","93"," ","(%)","32"," ","(%)","10.1"," ","(C)","130"," ","(W./sq.m)","1"," ","(kPa)","38.6","I","(m/s)","0.4","I","(m/s)"
"23","2018-01-23","23","231","metric","93436, 93437, 93438","daily","11.1"," ","(C)","20.3"," ","(C)","5.1"," ","(C)","8.6"," ","(C)",NA,"N","(mm)","0"," ","(mm)","85"," ","(%)","95"," ","(%)","54"," ","(%)","11.1"," ","(C)","140"," ","(W./sq.m)","1.1"," ","(kPa)","38.6","I","(m/s)","0.4","I","(m/s)"
"24","2018-01-24","24","231","metric","93436, 93437, 93438","daily","9.2"," ","(C)","18.2"," ","(C)","1.4"," ","(C)","6.5"," ","(C)",NA,"N","(mm)","0"," ","(mm)","83"," ","(%)","93"," ","(%)","52"," ","(%)","10.8"," ","(C)","101"," ","(W./sq.m)","1"," ","(kPa)","38.6","I","(m/s)","0.4","I","(m/s)"
"25","2018-01-25","25","231","metric","93436, 93437, 93438","daily","10"," ","(C)","15.3"," ","(C)","3.7"," ","(C)","6"," ","(C)",NA,"N","(mm)","0"," ","(mm)","76"," ","(%)","94"," ","(%)","48"," ","(%)","10.8"," ","(C)","118"," ","(W./sq.m)","0.9"," ","(kPa)","38.6","I","(m/s)","0.4","I","(m/s)"
"26","2018-01-26","26","231","metric","93436, 93437, 93438","daily","9.5"," ","(C)","16.8"," ","(C)","1.6"," ","(C)","4.2"," ","(C)",NA,"N","(mm)","0"," ","(mm)","70"," ","(%)","93"," ","(%)","43"," ","(%)","10.1"," ","(C)","118"," ","(W./sq.m)","0.8"," ","(kPa)","38.6","I","(m/s)","0.4","I","(m/s)"
"27","2018-01-27","27","231","metric","93436, 93437, 93438","daily","11"," ","(C)","21.8"," ","(C)","0.8"," ","(C)","0.4"," ","(C)",NA,"N","(mm)","0"," ","(mm)","48"," ","(%)","90"," ","(%)","20"," ","(%)","9.9"," ","(C)","119"," ","(W./sq.m)","0.6"," ","(kPa)","38.6","I","(m/s)","0.4","I","(m/s)"
"28","2018-01-28","28","231","metric","93436, 93437, 93438","daily","13"," ","(C)","24"," ","(C)","4.8"," ","(C)","1.8"," ","(C)",NA,"N","(mm)","0"," ","(mm)","47"," ","(%)","67"," ","(%)","23"," ","(%)","10.6"," ","(C)","138"," ","(W./sq.m)","0.7"," ","(kPa)","38.6","I","(m/s)","0.4","I","(m/s)"
"29","2018-01-29","29","231","metric","93436, 93437, 93438","daily","14"," ","(C)","27.8"," ","(C)","4"," ","(C)","3.5"," ","(C)",NA,"N","(mm)","0"," ","(mm)","49"," ","(%)","79"," ","(%)","19"," ","(%)","11.1"," ","(C)","119"," ","(W./sq.m)","0.8"," ","(kPa)","38.6","I","(m/s)","0.4","I","(m/s)"
"30","2018-01-30","30","231","metric","93436, 93437, 93438","daily","13"," ","(C)","21.5"," ","(C)","5.7"," ","(C)","6.5"," ","(C)",NA,"N","(mm)","0"," ","(mm)","65"," ","(%)","84"," ","(%)","46"," ","(%)","11.6"," ","(C)","73"," ","(W./sq.m)","1"," ","(kPa)","38.6","I","(m/s)","0.4","I","(m/s)"
"31","2018-01-31","31","231","metric","93436, 93437, 93438","daily","11.1"," ","(C)","23.4"," ","(C)","2.3"," ","(C)","6.8"," ","(C)",NA,"N","(mm)","0"," ","(mm)","75"," ","(%)","90"," ","(%)","42"," ","(%)","11.3"," ","(C)","150"," ","(W./sq.m)","1"," ","(kPa)","38.6","I","(m/s)","0.4","I","(m/s)"
"32","2018-02-01","32","231","metric","93436, 93437, 93438","daily","12.9"," ","(C)","24.1"," ","(C)","3.1"," ","(C)","5.8"," ","(C)",NA,"N","(mm)","0"," ","(mm)","62"," ","(%)","91"," ","(%)","28"," ","(%)","11.4"," ","(C)","147"," ","(W./sq.m)","0.9"," ","(kPa)","38.6","I","(m/s)","0.4","I","(m/s)"
"33","2018-02-02","33","231","metric","93436, 93437, 93438","daily","13.1"," ","(C)","22.8"," ","(C)","5.6"," ","(C)","5.6"," ","(C)",NA,"N","(mm)","0"," ","(mm)","60"," ","(%)","81"," ","(%)","36"," ","(%)","11.8"," ","(C)","140"," ","(W./sq.m)","0.9"," ","(kPa)","38.6","I","(m/s)","0.4","I","(m/s)"
"34","2018-02-03","34","231","metric","93436, 93437, 93438","daily","13"," ","(C)","25"," ","(C)","4.7"," ","(C)","6.4"," ","(C)",NA,"N","(mm)","0"," ","(mm)","64"," ","(%)","85"," ","(%)","29"," ","(%)","11.9"," ","(C)","152"," ","(W./sq.m)","1"," ","(kPa)","38.6","I","(m/s)","0.4","I","(m/s)"
"35","2018-02-04","35","231","metric","93436, 93437, 93438","daily","12.6"," ","(C)","23.7"," ","(C)","4.5"," ","(C)","7.5"," ","(C)",NA,"N","(mm)","0"," ","(mm)","71"," ","(%)","88"," ","(%)","36"," ","(%)","12"," ","(C)","155"," ","(W./sq.m)","1"," ","(kPa)","38.6","I","(m/s)","0.4","I","(m/s)"
"36","2018-02-05","36","231","metric","93436, 93437, 93438","daily","12.1"," ","(C)","24"," ","(C)","3.4"," ","(C)","7.5"," ","(C)",NA,"N","(mm)","0"," ","(mm)","74"," ","(%)","91"," ","(%)","41"," ","(%)","12.1"," ","(C)","155"," ","(W./sq.m)","1"," ","(kPa)","38.6","I","(m/s)","0.4","I","(m/s)"
"37","2018-02-06","37","231","metric","93436, 93437, 93438","daily","11","H","(C)","18.1"," ","(C)","6.8"," ","(C)","9.2"," ","(C)",NA,"N","(mm)","0","R","(mm)","89"," ","(%)","100","H","(%)","65","H","(%)","12.7","H","(C)","24","H","(W./sq.m)","1.2","H","(kPa)","110.2"," ","(m/s)","1.3"," ","(m/s)"
"38","2018-02-07","38","231","metric","93436, 93437, 93438","daily","10"," ","(C)","17.2"," ","(C)","4.1"," ","(C)","8.9"," ","(C)",NA,"N","(mm)","0"," ","(mm)","93"," ","(%)","100"," ","(%)","78"," ","(%)","12.1"," ","(C)","369","R","(W./sq.m)","1.1"," ","(kPa)","166.9"," ","(m/s)","1.9"," ","(m/s)"
"39","2018-02-08","39","231","metric","93436, 93437, 93438","daily","10.6"," ","(C)","21"," ","(C)","1.8"," ","(C)","7.9"," ","(C)",NA,"N","(mm)","0"," ","(mm)","83"," ","(%)","99"," ","(%)","56"," ","(%)","11.8"," ","(C)","376","R","(W./sq.m)","1.1"," ","(kPa)","148.5"," ","(m/s)","1.7"," ","(m/s)"
"40","2018-02-09","40","231","metric","93436, 93437, 93438","daily","11.4"," ","(C)","23.7"," ","(C)","2"," ","(C)","7.5"," ","(C)",NA,"N","(mm)","0"," ","(mm)","77"," ","(%)","98"," ","(%)","39"," ","(%)","12"," ","(C)","367","R","(W./sq.m)","1"," ","(kPa)","149.4"," ","(m/s)","1.7"," ","(m/s)"
"41","2018-02-10","41","231","metric","93436, 93437, 93438","daily","10.2"," ","(C)","17.2"," ","(C)","2.7"," ","(C)","8.6"," ","(C)",NA,"N","(mm)","0"," ","(mm)","90"," ","(%)","97"," ","(%)","73"," ","(%)","12.2"," ","(C)","334","R","(W./sq.m)","1.1"," ","(kPa)","180.3"," ","(m/s)","2.1"," ","(m/s)"
"42","2018-02-11","42","231","metric","93436, 93437, 93438","daily","11.1"," ","(C)","18.9"," ","(C)","3.2"," ","(C)","8"," ","(C)",NA,"N","(mm)","0"," ","(mm)","81"," ","(%)","100"," ","(%)","50"," ","(%)","12.2"," ","(C)","368","R","(W./sq.m)","1.1"," ","(kPa)","236.1"," ","(m/s)","2.7"," ","(m/s)"
"43","2018-02-12","43","231","metric","93436, 93437, 93438","daily","10.1"," ","(C)","14.9"," ","(C)","3.2"," ","(C)","5.6"," ","(C)",NA,"N","(mm)","0"," ","(mm)","74"," ","(%)","93"," ","(%)","57"," ","(%)","12.4"," ","(C)",NA,"M","(W./sq.m)","0.9"," ","(kPa)","285.7","Y","(m/s)","3.3","Y","(m/s)"
"44","2018-02-13","44","231","metric","93436, 93437, 93438","daily","9.5"," ","(C)","16.5"," ","(C)","2.4"," ","(C)","5.8"," ","(C)",NA,"N","(mm)","0.2"," ","(mm)","78"," ","(%)","93"," ","(%)","56"," ","(%)","11.6"," ","(C)",NA,"M","(W./sq.m)","0.9"," ","(kPa)","159.3"," ","(m/s)","1.8"," ","(m/s)"
"45","2018-02-14","45","231","metric","93436, 93437, 93438","daily","10"," ","(C)","19.3"," ","(C)","1.6"," ","(C)","5.8"," ","(C)",NA,"N","(mm)","0"," ","(mm)","75"," ","(%)","96"," ","(%)","44"," ","(%)","11.6"," ","(C)",NA,"M","(W./sq.m)","0.9"," ","(kPa)","158.4"," ","(m/s)","1.8"," ","(m/s)"
"46","2018-02-15","46","231","metric","93436, 93437, 93438","daily","10.5"," ","(C)","22.6"," ","(C)","0.1"," ","(C)","2.2"," ","(C)",NA,"N","(mm)","0"," ","(mm)","56"," ","(%)","98"," ","(%)","22"," ","(%)","11.7"," ","(C)","394","R","(W./sq.m)","0.7"," ","(kPa)","180.5"," ","(m/s)","2.1"," ","(m/s)"
"47","2018-02-16","47","231","metric","93436, 93437, 93438","daily","10.1"," ","(C)","18.5"," ","(C)","3.2"," ","(C)","3.6"," ","(C)",NA,"N","(mm)","0"," ","(mm)","64"," ","(%)","90"," ","(%)","38"," ","(%)","11.9"," ","(C)","393","R","(W./sq.m)","0.8"," ","(kPa)","209.5"," ","(m/s)","2.4"," ","(m/s)"
"48","2018-02-17","48","231","metric","93436, 93437, 93438","daily","10"," ","(C)","22.5"," ","(C)","0.6"," ","(C)","4.1"," ","(C)",NA,"N","(mm)","0"," ","(mm)","67"," ","(%)","93"," ","(%)","31"," ","(%)","11.8"," ","(C)","399","R","(W./sq.m)","0.8"," ","(kPa)","163.5"," ","(m/s)","1.9"," ","(m/s)"
"49","2018-02-18","49","231","metric","93436, 93437, 93438","daily","9.1"," ","(C)","15.4"," ","(C)","1.1"," ","(C)","5"," ","(C)",NA,"N","(mm)","0"," ","(mm)","76"," ","(%)","93"," ","(%)","63"," ","(%)","11.7"," ","(C)",NA,"M","(W./sq.m)","0.9"," ","(kPa)","366.1","R","(m/s)","4.2","R","(m/s)"
"50","2018-02-19","50","231","metric","93436, 93437, 93438","daily","8.7"," ","(C)","12.6"," ","(C)","3.1"," ","(C)","1.4"," ","(C)",NA,"N","(mm)","0.3"," ","(mm)","60"," ","(%)","80"," ","(%)","44"," ","(%)","11.5"," ","(C)",NA,"M","(W./sq.m)","0.7"," ","(kPa)","452.9","R","(m/s)","5.2","R","(m/s)"
"51","2018-02-20","51","231","metric","93436, 93437, 93438","daily","5.9"," ","(C)","14.3"," ","(C)","-2.7","Y","(C)","-1.4"," ","(C)",NA,"N","(mm)","0"," ","(mm)","59"," ","(%)","89"," ","(%)","25"," ","(%)","10.8"," ","(C)","417","R","(W./sq.m)","0.6"," ","(kPa)","218.2"," ","(m/s)","2.5"," ","(m/s)"
"52","2018-02-21","52","231","metric","93436, 93437, 93438","daily","6.2"," ","(C)","14"," ","(C)","-2.6","Y","(C)","0.7"," ","(C)",NA,"N","(mm)","0"," ","(mm)","67"," ","(%)","92"," ","(%)","33"," ","(%)","10.5"," ","(C)",NA,"M","(W./sq.m)","0.6"," ","(kPa)","197.2"," ","(m/s)","2.3"," ","(m/s)"
"53","2018-02-22","53","231","metric","93436, 93437, 93438","daily","6.9"," ","(C)","13.7"," ","(C)","-1.1"," ","(C)","2.9"," ","(C)",NA,"N","(mm)","0"," ","(mm)","76"," ","(%)","97"," ","(%)","56"," ","(%)","10.4"," ","(C)",NA,"M","(W./sq.m)","0.8"," ","(kPa)","312.5","R","(m/s)","3.6","R","(m/s)"
"54","2018-02-23","54","231","metric","93436, 93437, 93438","daily","8.6"," ","(C)","13"," ","(C)","1.8"," ","(C)","0.5"," ","(C)",NA,"N","(mm)","0"," ","(mm)","57"," ","(%)","73"," ","(%)","43"," ","(%)","10.8"," ","(C)","428","R","(W./sq.m)","0.6"," ","(kPa)","396.4","R","(m/s)","4.6","R","(m/s)"
"55","2018-02-24","55","231","metric","93436, 93437, 93438","daily","7.1"," ","(C)","15.9"," ","(C)","-3.2","Y","(C)","0.8"," ","(C)",NA,"N","(mm)","0"," ","(mm)","64"," ","(%)","87"," ","(%)","35"," ","(%)","10.4"," ","(C)","432","R","(W./sq.m)","0.6"," ","(kPa)","335.7","R","(m/s)","3.9","R","(m/s)"
"56","2018-02-25","56","231","metric","93436, 93437, 93438","daily","10.5"," ","(C)","18.6"," ","(C)","3.6"," ","(C)","4.2"," ","(C)",NA,"N","(mm)","0"," ","(mm)","65"," ","(%)","93"," ","(%)","35"," ","(%)","11.1"," ","(C)","429","R","(W./sq.m)","0.8"," ","(kPa)","247.8"," ","(m/s)","2.9"," ","(m/s)"
"57","2018-02-26","57","231","metric","93436, 93437, 93438","daily","7"," ","(C)","14.8"," ","(C)","-0.2"," ","(C)","4.3"," ","(C)",NA,"N","(mm)","2.4"," ","(mm)","83"," ","(%)","97"," ","(%)","59"," ","(%)","11.1"," ","(C)",NA,"M","(W./sq.m)","0.8"," ","(kPa)","220.1"," ","(m/s)","2.5"," ","(m/s)"
"58","2018-02-27","58","231","metric","93436, 93437, 93438","daily","7.1"," ","(C)","14"," ","(C)","1.8"," ","(C)","2.8"," ","(C)",NA,"N","(mm)","0.7"," ","(mm)","74"," ","(%)","95"," ","(%)","49"," ","(%)","10.5"," ","(C)",NA,"M","(W./sq.m)","0.7"," ","(kPa)","249.5"," ","(m/s)","2.9"," ","(m/s)"
"59","2018-02-28","59","231","metric","93436, 93437, 93438","daily","6.7"," ","(C)","14.7"," ","(C)","-2"," ","(C)","3.2"," ","(C)",NA,"N","(mm)","0"," ","(mm)","78"," ","(%)","97"," ","(%)","49"," ","(%)","10"," ","(C)","446","R","(W./sq.m)","0.8"," ","(kPa)","187.1"," ","(m/s)","2.2"," ","(m/s)"
"60","2018-03-01","60","231","metric","93436, 93437, 93438","daily","10.9"," ","(C)","14.6"," ","(C)","6.3"," ","(C)","8.5"," ","(C)",NA,"N","(mm)","0.9"," ","(mm)","85"," ","(%)","90"," ","(%)","71"," ","(%)","10.6"," ","(C)",NA,"M","(W./sq.m)","1.1"," ","(kPa)","338.7","R","(m/s)","3.9","R","(m/s)"
"61","2018-03-02","61","231","metric","93436, 93437, 93438","daily","12.1"," ","(C)","16.9"," ","(C)","9.4"," ","(C)","9.2"," ","(C)",NA,"N","(mm)","4.9"," ","(mm)","82"," ","(%)","98"," ","(%)","59"," ","(%)","11.7"," ","(C)",NA,"M","(W./sq.m)","1.2"," ","(kPa)","201.8"," ","(m/s)","2.3"," ","(m/s)"
"62","2018-03-03","62","231","metric","93436, 93437, 93438","daily","10"," ","(C)","14.4"," ","(C)","4.6"," ","(C)","6.8"," ","(C)",NA,"N","(mm)","2.3"," ","(mm)","80"," ","(%)","98"," ","(%)","61"," ","(%)","12"," ","(C)",NA,"M","(W./sq.m)","1"," ","(kPa)","188.8"," ","(m/s)","2.2"," ","(m/s)"
"63","2018-03-04","63","231","metric","93436, 93437, 93438","daily","7.5"," ","(C)","15.1"," ","(C)","-0.3"," ","(C)","2.7"," ","(C)",NA,"N","(mm)","0"," ","(mm)","72"," ","(%)","98"," ","(%)","44"," ","(%)","10.8"," ","(C)",NA,"M","(W./sq.m)","0.7"," ","(kPa)","221.5"," ","(m/s)","2.6"," ","(m/s)"
"64","2018-03-05","64","231","metric","93436, 93437, 93438","daily","9.2"," ","(C)","20.1"," ","(C)","0"," ","(C)","2.9"," ","(C)",NA,"N","(mm)","0"," ","(mm)","65"," ","(%)","91"," ","(%)","27"," ","(%)","10.3"," ","(C)",NA,"M","(W./sq.m)","0.8"," ","(kPa)","172.2"," ","(m/s)","2"," ","(m/s)"
"65","2018-03-06","65","231","metric","93436, 93437, 93438","daily","11.7"," ","(C)","21.4"," ","(C)","2"," ","(C)","0.8"," ","(C)",NA,"N","(mm)","0"," ","(mm)","47"," ","(%)","80"," ","(%)","23"," ","(%)","11"," ","(C)",NA,"M","(W./sq.m)","0.6"," ","(kPa)","186.2"," ","(m/s)","2.2"," ","(m/s)"
"66","2018-03-07","66","231","metric","93436, 93437, 93438","daily","10.2"," ","(C)","21"," ","(C)","4.5"," ","(C)","5.1"," ","(C)",NA,"N","(mm)","0"," ","(mm)","70"," ","(%)","94"," ","(%)","29"," ","(%)","11.4"," ","(C)",NA,"M","(W./sq.m)","0.9"," ","(kPa)","145.8"," ","(m/s)","1.7"," ","(m/s)"
"67","2018-03-08","67","231","metric","93436, 93437, 93438","daily","11.7"," ","(C)","20.6"," ","(C)","3.1"," ","(C)","7.4"," ","(C)",NA,"N","(mm)","0"," ","(mm)","75"," ","(%)","97"," ","(%)","41"," ","(%)","11.6"," ","(C)","450","R","(W./sq.m)","1"," ","(kPa)","178"," ","(m/s)","2.1"," ","(m/s)"
"68","2018-03-09","68","231","metric","93436, 93437, 93438","daily","12.7"," ","(C)","17.9"," ","(C)","10.3"," ","(C)","11.7"," ","(C)",NA,"N","(mm)","0"," ","(mm)","93"," ","(%)","100"," ","(%)","82"," ","(%)","13"," ","(C)","335","R","(W./sq.m)","1.4"," ","(kPa)","179.8"," ","(m/s)","2.1"," ","(m/s)"
"69","2018-03-10","69","231","metric","93436, 93437, 93438","daily","12.7"," ","(C)","17.5"," ","(C)","10.3"," ","(C)","11.7"," ","(C)",NA,"N","(mm)","13.8","H","(mm)","93"," ","(%)","99"," ","(%)","80"," ","(%)","13.1"," ","(C)",NA,"M","(W./sq.m)","1.4"," ","(kPa)","116.7"," ","(m/s)","1.4"," ","(m/s)"
"70","2018-03-11","70","231","metric","93436, 93437, 93438","daily","13.5"," ","(C)","20.4"," ","(C)","7.9"," ","(C)","12.2"," ","(C)",NA,"N","(mm)","0"," ","(mm)","91"," ","(%)","100"," ","(%)","67"," ","(%)","13.3"," ","(C)",NA,"M","(W./sq.m)","1.4"," ","(kPa)","157.1"," ","(m/s)","1.8"," ","(m/s)"
"71","2018-03-12","71","231","metric","93436, 93437, 93438","daily","14.9"," ","(C)","21.7"," ","(C)","9.5"," ","(C)","13.1","Y","(C)",NA,"N","(mm)","4.3"," ","(mm)","89","Y","(%)","99"," ","(%)","68"," ","(%)","13.9"," ","(C)",NA,"M","(W./sq.m)","1.5","Y","(kPa)","172"," ","(m/s)","2"," ","(m/s)"
"72","2018-03-13","72","231","metric","93436, 93437, 93438","daily","15.5"," ","(C)","18.2"," ","(C)","12.4","Y","(C)","14.4","Y","(C)",NA,"N","(mm)","6.5"," ","(mm)","93","Y","(%)","99"," ","(%)","86"," ","(%)","14.5"," ","(C)",NA,"M","(W./sq.m)","1.6","Y","(kPa)","171.6"," ","(m/s)","2"," ","(m/s)"
"73","2018-03-14","73","231","metric","93436, 93437, 93438","daily","12.2"," ","(C)","16.5"," ","(C)","7.5"," ","(C)","10.4"," ","(C)",NA,"N","(mm)","1.6","H","(mm)","89"," ","(%)","99"," ","(%)","74"," ","(%)","14.3"," ","(C)",NA,"M","(W./sq.m)","1.3"," ","(kPa)","154.2"," ","(m/s)","1.8"," ","(m/s)"
"74","2018-03-15","74","231","metric","93436, 93437, 93438","daily","10.4"," ","(C)","15"," ","(C)","5.9"," ","(C)","6.4"," ","(C)",NA,"N","(mm)","0"," ","(mm)","76"," ","(%)","96"," ","(%)","53"," ","(%)","13.3"," ","(C)",NA,"M","(W./sq.m)","1"," ","(kPa)","265.6","Y","(m/s)","3.1","Y","(m/s)"
"75","2018-03-16","75","231","metric","93436, 93437, 93438","daily","9.9"," ","(C)","15.7"," ","(C)","5.2"," ","(C)","8.5"," ","(C)",NA,"N","(mm)","4.4"," ","(mm)","91"," ","(%)","98"," ","(%)","77"," ","(%)","12.6"," ","(C)",NA,"M","(W./sq.m)","1.1"," ","(kPa)","193.9"," ","(m/s)","2.2"," ","(m/s)"
"76","2018-03-17","76","231","metric","93436, 93437, 93438","daily","8.6"," ","(C)","14.8"," ","(C)","3.4"," ","(C)","5.9"," ","(C)",NA,"N","(mm)","0.9","H","(mm)","83"," ","(%)","100"," ","(%)","63"," ","(%)","12.3"," ","(C)",NA,"M","(W./sq.m)","0.9"," ","(kPa)","170"," ","(m/s)","2"," ","(m/s)"
"77","2018-03-18","77","231","metric","93436, 93437, 93438","daily","8"," ","(C)","15.8"," ","(C)","0.8"," ","(C)","4.9"," ","(C)",NA,"N","(mm)","0"," ","(mm)","81"," ","(%)","99"," ","(%)","55"," ","(%)","11.7"," ","(C)",NA,"M","(W./sq.m)","0.9"," ","(kPa)","138.1"," ","(m/s)","1.6"," ","(m/s)"
"78","2018-03-19","78","231","metric","93436, 93437, 93438","daily","11"," ","(C)","21.2"," ","(C)","1.6"," ","(C)","5.3"," ","(C)",NA,"N","(mm)","0"," ","(mm)","68"," ","(%)","98"," ","(%)","31"," ","(%)","11.7"," ","(C)",NA,"M","(W./sq.m)","0.9"," ","(kPa)","175.4"," ","(m/s)","2"," ","(m/s)"
"79","2018-03-20","79","231","metric","93436, 93437, 93438","daily","12.2"," ","(C)","18.4"," ","(C)","8.9"," ","(C)","7.8"," ","(C)",NA,"N","(mm)","11.2"," ","(mm)","75"," ","(%)","97"," ","(%)","41"," ","(%)","12.3"," ","(C)","180"," ","(W./sq.m)","1.1"," ","(kPa)","179.7"," ","(m/s)","2.1"," ","(m/s)"
"80","2018-03-21","80","231","metric","93436, 93437, 93438","daily","14.1"," ","(C)","15.7"," ","(C)","12.3","Y","(C)","12.4"," ","(C)",NA,"N","(mm)","35.6"," ","(mm)","90"," ","(%)","94"," ","(%)","72"," ","(%)","12"," ","(C)","51"," ","(W./sq.m)","1.4"," ","(kPa)","361.6","R","(m/s)","4.2","R","(m/s)"
"81","2018-03-22","81","231","metric","93436, 93437, 93438","daily","15.3"," ","(C)","18.8"," ","(C)","9.5"," ","(C)","13.4","Y","(C)",NA,"N","(mm)","24.9"," ","(mm)","88","Y","(%)","96"," ","(%)","82"," ","(%)","13.5"," ","(C)",NA,"M","(W./sq.m)","1.5","Y","(kPa)","324.3","R","(m/s)","3.8","R","(m/s)"
"82","2018-03-23","82","231","metric","93436, 93437, 93438","daily","11"," ","(C)","15.4"," ","(C)","6.2"," ","(C)","6.7"," ","(C)",NA,"N","(mm)","0"," ","(mm)","75"," ","(%)","93"," ","(%)","62"," ","(%)","13.6"," ","(C)",NA,"M","(W./sq.m)","1"," ","(kPa)","283","Y","(m/s)","3.3","Y","(m/s)"
"83","2018-03-24","83","231","metric","93436, 93437, 93438","daily","10.3"," ","(C)","15.9"," ","(C)","3.7"," ","(C)","7"," ","(C)",NA,"N","(mm)","0"," ","(mm)","80"," ","(%)","98"," ","(%)","61"," ","(%)","12.9"," ","(C)",NA,"M","(W./sq.m)","1"," ","(kPa)","274.3","Y","(m/s)","3.2","Y","(m/s)"
"84","2018-03-25","84","231","metric","93436, 93437, 93438","daily","10"," ","(C)","15.2"," ","(C)","2.9"," ","(C)","4.9"," ","(C)",NA,"N","(mm)","0"," ","(mm)","71"," ","(%)","98"," ","(%)","48"," ","(%)","12.5"," ","(C)",NA,"M","(W./sq.m)","0.9"," ","(kPa)","402.4","R","(m/s)","4.7","R","(m/s)"
"85","2018-03-26","85","231","metric","93436, 93437, 93438","daily","11.2"," ","(C)","16.8"," ","(C)","5.4"," ","(C)","5"," ","(C)",NA,"N","(mm)","0"," ","(mm)","65"," ","(%)","92"," ","(%)","42"," ","(%)","12.2"," ","(C)",NA,"M","(W./sq.m)","0.9"," ","(kPa)","392.8","R","(m/s)","4.5","R","(m/s)"
"86","2018-03-27","86","231","metric","93436, 93437, 93438","daily","11.5"," ","(C)","19.8"," ","(C)","3.4"," ","(C)","6.5"," ","(C)",NA,"N","(mm)","0"," ","(mm)","71"," ","(%)","93"," ","(%)","33"," ","(%)","12.5"," ","(C)",NA,"M","(W./sq.m)","1"," ","(kPa)","258.6"," ","(m/s)","3"," ","(m/s)"
"87","2018-03-28","87","231","metric","93436, 93437, 93438","daily","10.9"," ","(C)","17.6"," ","(C)","3.7"," ","(C)","9"," ","(C)",NA,"N","(mm)","0"," ","(mm)","88"," ","(%)","99"," ","(%)","66"," ","(%)","13.1"," ","(C)",NA,"M","(W./sq.m)","1.1"," ","(kPa)","216.7"," ","(m/s)","2.5"," ","(m/s)"
"88","2018-03-29","88","231","metric","93436, 93437, 93438","daily","10.8"," ","(C)","16.6"," ","(C)","4.9"," ","(C)","9.6"," ","(C)",NA,"N","(mm)","0"," ","(mm)","93"," ","(%)","100"," ","(%)","78"," ","(%)","13.8"," ","(C)",NA,"M","(W./sq.m)","1.2"," ","(kPa)","219.4"," ","(m/s)","2.5"," ","(m/s)"
"89","2018-03-30","89","231","metric","93436, 93437, 93438","daily","11.6"," ","(C)","24.5"," ","(C)","4"," ","(C)","9.7"," ","(C)",NA,"N","(mm)","0"," ","(mm)","88"," ","(%)","99"," ","(%)","57"," ","(%)","13.9"," ","(C)",NA,"M","(W./sq.m)","1.2"," ","(kPa)","190.9"," ","(m/s)","2.2"," ","(m/s)"
"90","2018-03-31","90","231","metric","93436, 93437, 93438","daily","12.2"," ","(C)","18.2"," ","(C)","8.3"," ","(C)","11.3"," ","(C)",NA,"N","(mm)","0.2"," ","(mm)","94"," ","(%)","100"," ","(%)","75"," ","(%)","14.3"," ","(C)",NA,"M","(W./sq.m)","1.3"," ","(kPa)","219.2"," ","(m/s)","2.5"," ","(m/s)"
"91","2018-04-01","91","231","metric","93436, 93437, 93438","daily","12.3"," ","(C)","16.7"," ","(C)","6.6"," ","(C)","10.6"," ","(C)",NA,"N","(mm)","0"," ","(mm)","89"," ","(%)","100"," ","(%)","74"," ","(%)","14.8"," ","(C)",NA,"M","(W./sq.m)","1.3"," ","(kPa)","212.2"," ","(m/s)","2.5"," ","(m/s)"
"92","2018-04-02","92","231","metric","93436, 93437, 93438","daily","12.3"," ","(C)","16.9"," ","(C)","6"," ","(C)","10.1"," ","(C)",NA,"N","(mm)","0"," ","(mm)","86"," ","(%)","99"," ","(%)","72"," ","(%)","14.7"," ","(C)",NA,"M","(W./sq.m)","1.2"," ","(kPa)","269.4","Y","(m/s)","3.1","Y","(m/s)"
"93","2018-04-03","93","231","metric","93436, 93437, 93438","daily","12.4"," ","(C)","17.1"," ","(C)","6.7"," ","(C)","10.3"," ","(C)",NA,"N","(mm)","0.4","H","(mm)","87"," ","(%)","98"," ","(%)","71"," ","(%)","14.9"," ","(C)",NA,"M","(W./sq.m)","1.3"," ","(kPa)","241.1"," ","(m/s)","2.8"," ","(m/s)"
"94","2018-04-04","94","231","metric","93436, 93437, 93438","daily","12.9"," ","(C)","18.7"," ","(C)","8.8"," ","(C)","10.3"," ","(C)",NA,"N","(mm)","0"," ","(mm)","84"," ","(%)","96"," ","(%)","67"," ","(%)","15.4"," ","(C)",NA,"M","(W./sq.m)","1.3"," ","(kPa)","233.5"," ","(m/s)","2.7"," ","(m/s)"
"95","2018-04-05","95","231","metric","93436, 93437, 93438","daily","12.3"," ","(C)","18.9"," ","(C)","4.9"," ","(C)","7.9"," ","(C)",NA,"N","(mm)","0"," ","(mm)","75"," ","(%)","98"," ","(%)","36"," ","(%)","15.1"," ","(C)",NA,"M","(W./sq.m)","1.1"," ","(kPa)","263.2","Y","(m/s)","3","Y","(m/s)"
"96","2018-04-06","96","231","metric","93436, 93437, 93438","daily","15.2"," ","(C)","20.2"," ","(C)","10.4"," ","(C)","13.4","Y","(C)",NA,"N","(mm)","0"," ","(mm)","89","Y","(%)","99"," ","(%)","70"," ","(%)","15.4"," ","(C)",NA,"M","(W./sq.m)","1.5","Y","(kPa)","239.5"," ","(m/s)","2.8"," ","(m/s)"
"97","2018-04-07","97","231","metric","93436, 93437, 93438","daily","15.3"," ","(C)","18.4"," ","(C)","12.5","Y","(C)","13.9","Y","(C)",NA,"N","(mm)","2.5"," ","(mm)","91","Y","(%)","99"," ","(%)","77"," ","(%)","16.1","Y","(C)",NA,"M","(W./sq.m)","1.6","Y","(kPa)","366.9","R","(m/s)","4.2","R","(m/s)"
"98","2018-04-08","98","231","metric","93436, 93437, 93438","daily","14.6"," ","(C)","21.8"," ","(C)","10.9"," ","(C)","9.3"," ","(C)",NA,"N","(mm)","0"," ","(mm)","71"," ","(%)","92"," ","(%)","46"," ","(%)","15.5"," ","(C)",NA,"M","(W./sq.m)","1.2"," ","(kPa)","456.8","R","(m/s)","5.3","R","(m/s)"
"99","2018-04-09","99","231","metric","93436, 93437, 93438","daily","17.2","Y","(C)","29.1","Y","(C)","8.3"," ","(C)","9.1","Y","(C)",NA,"N","(mm)","0"," ","(mm)","59","Y","(%)","86"," ","(%)","32"," ","(%)","15.8"," ","(C)",NA,"M","(W./sq.m)","1.2"," ","(kPa)","239.1"," ","(m/s)","2.8"," ","(m/s)"
"100","2018-04-10","100","231","metric","93436, 93437, 93438","daily","14.5"," ","(C)","20.4"," ","(C)","7.5"," ","(C)","11"," ","(C)",NA,"N","(mm)","0"," ","(mm)","79"," ","(%)","97"," ","(%)","58"," ","(%)","16.4","Y","(C)",NA,"M","(W./sq.m)","1.3"," ","(kPa)","278","Y","(m/s)","3.2","Y","(m/s)"
"101","2018-04-11","101","231","metric","93436, 93437, 93438","daily","13.8"," ","(C)","25.8"," ","(C)","9.2"," ","(C)","10.5"," ","(C)",NA,"N","(mm)","0"," ","(mm)","80"," ","(%)","99"," ","(%)","36"," ","(%)","16.6","Y","(C)",NA,"M","(W./sq.m)","1.3"," ","(kPa)","322.6","R","(m/s)","3.7","R","(m/s)"
"102","2018-04-12","102","231","metric","93436, 93437, 93438","daily","12.3"," ","(C)","16.1"," ","(C)","8.7"," ","(C)","6"," ","(C)",NA,"N","(mm)","0"," ","(mm)","66"," ","(%)","90"," ","(%)","48"," ","(%)","16.2","Y","(C)",NA,"M","(W./sq.m)","0.9"," ","(kPa)","574.4","R","(m/s)","6.6","R","(m/s)"
"103","2018-04-13","103","231","metric","93436, 93437, 93438","daily","14.3"," ","(C)","23.4"," ","(C)","6.2"," ","(C)","3.7"," ","(C)",NA,"N","(mm)","0"," ","(mm)","49"," ","(%)","77"," ","(%)","24"," ","(%)","16"," ","(C)",NA,"M","(W./sq.m)","0.8"," ","(kPa)","410.9","R","(m/s)","4.8","R","(m/s)"
"104","2018-04-14","104","231","metric","93436, 93437, 93438","daily","13.1"," ","(C)","25.9"," ","(C)","2.1"," ","(C)","7.2"," ","(C)",NA,"N","(mm)","0"," ","(mm)","67"," ","(%)","94"," ","(%)","28"," ","(%)","16.2","Y","(C)",NA,"M","(W./sq.m)","1"," ","(kPa)","210.7"," ","(m/s)","2.4"," ","(m/s)"
"105","2018-04-15","105","231","metric","93436, 93437, 93438","daily","12.6"," ","(C)","18.1"," ","(C)","8"," ","(C)","9.9"," ","(C)",NA,"N","(mm)","0"," ","(mm)","84"," ","(%)","96"," ","(%)","67"," ","(%)","16.6","Y","(C)",NA,"M","(W./sq.m)","1.2"," ","(kPa)","226.7"," ","(m/s)","2.6"," ","(m/s)"
"106","2018-04-16","106","231","metric","93436, 93437, 93438","daily","11.2"," ","(C)","17.4"," ","(C)","4.1"," ","(C)","6.8"," ","(C)",NA,"N","(mm)","0.7"," ","(mm)","74"," ","(%)","98"," ","(%)","50"," ","(%)","16.3"," ","(C)",NA,"M","(W./sq.m)","1"," ","(kPa)","283","Y","(m/s)","3.3","Y","(m/s)"
"107","2018-04-17","107","231","metric","93436, 93437, 93438","daily","9.5"," ","(C)","18.3"," ","(C)","0.8"," ","(C)","4.5"," ","(C)",NA,"N","(mm)","0"," ","(mm)","71"," ","(%)","96"," ","(%)","41"," ","(%)","15.5"," ","(C)",NA,"M","(W./sq.m)","0.8"," ","(kPa)","287.8","Y","(m/s)","3.3","Y","(m/s)"
"108","2018-04-18","108","231","metric","93436, 93437, 93438","daily","9.3"," ","(C)","17.1"," ","(C)","0.9"," ","(C)","5.5"," ","(C)",NA,"N","(mm)","0"," ","(mm)","77"," ","(%)","96"," ","(%)","58"," ","(%)","15.4"," ","(C)",NA,"M","(W./sq.m)","0.9"," ","(kPa)","269.7","Y","(m/s)","3.1","Y","(m/s)"
"109","2018-04-19","109","231","metric","93436, 93437, 93438","daily","11"," ","(C)","15.5"," ","(C)","4.2"," ","(C)","8.2"," ","(C)",NA,"N","(mm)","5.4"," ","(mm)","83"," ","(%)","97"," ","(%)","66"," ","(%)","15.2"," ","(C)",NA,"M","(W./sq.m)","1.1"," ","(kPa)","354","R","(m/s)","4.1","R","(m/s)"
"110","2018-04-20","110","231","metric","93436, 93437, 93438","daily","11.6"," ","(C)","19.6"," ","(C)","4"," ","(C)","9.4"," ","(C)",NA,"N","(mm)","0"," ","(mm)","86"," ","(%)","98"," ","(%)","63"," ","(%)","15"," ","(C)",NA,"M","(W./sq.m)","1.2"," ","(kPa)","319.3","R","(m/s)","3.7","R","(m/s)"
"111","2018-04-21","111","231","metric","93436, 93437, 93438","daily","13.3"," ","(C)","20.4"," ","(C)","7.9"," ","(C)","10.5"," ","(C)",NA,"N","(mm)","0"," ","(mm)","83"," ","(%)","99"," ","(%)","63"," ","(%)","15.7"," ","(C)",NA,"M","(W./sq.m)","1.3"," ","(kPa)","235.1"," ","(m/s)","2.7"," ","(m/s)"
"112","2018-04-22","112","231","metric","93436, 93437, 93438","daily","13"," ","(C)","20.4"," ","(C)","5.4"," ","(C)","10.1"," ","(C)",NA,"N","(mm)","0"," ","(mm)","83"," ","(%)","97"," ","(%)","65"," ","(%)","16.1"," ","(C)",NA,"M","(W./sq.m)","1.2"," ","(kPa)","227.4"," ","(m/s)","2.6"," ","(m/s)"
"113","2018-04-23","113","231","metric","93436, 93437, 93438","daily","12.3"," ","(C)","17"," ","(C)","9.8"," ","(C)","10.7"," ","(C)",NA,"N","(mm)","0.1"," ","(mm)","90"," ","(%)","100"," ","(%)","75"," ","(%)","16.4"," ","(C)",NA,"M","(W./sq.m)","1.3"," ","(kPa)","220.4"," ","(m/s)","2.6"," ","(m/s)"
"114","2018-04-24","114","231","metric","93436, 93437, 93438","daily","11.4"," ","(C)","16.9"," ","(C)","7"," ","(C)","9.6"," ","(C)",NA,"N","(mm)","0"," ","(mm)","89"," ","(%)","99"," ","(%)","72"," ","(%)","16.4"," ","(C)",NA,"M","(W./sq.m)","1.2"," ","(kPa)","198.1"," ","(m/s)","2.3"," ","(m/s)"
"115","2018-04-25","115","231","metric","93436, 93437, 93438","daily","11.9"," ","(C)","17"," ","(C)","6.3"," ","(C)","9.5"," ","(C)",NA,"N","(mm)","0"," ","(mm)","85"," ","(%)","97"," ","(%)","71"," ","(%)","16.4"," ","(C)",NA,"M","(W./sq.m)","1.2"," ","(kPa)","200.6"," ","(m/s)","2.3"," ","(m/s)"
"116","2018-04-26","116","231","metric","93436, 93437, 93438","daily","13"," ","(C)","17.6"," ","(C)","8.3"," ","(C)","9.2"," ","(C)",NA,"N","(mm)","0"," ","(mm)","78"," ","(%)","93"," ","(%)","64"," ","(%)","16.5"," ","(C)",NA,"M","(W./sq.m)","1.2"," ","(kPa)","255.9","Y","(m/s)","3","Y","(m/s)"
"117","2018-04-27","117","231","metric","93436, 93437, 93438","daily","13"," ","(C)","18.2"," ","(C)","4.6"," ","(C)","9"," ","(C)",NA,"N","(mm)","0"," ","(mm)","77"," ","(%)","95"," ","(%)","59"," ","(%)","16.7"," ","(C)",NA,"M","(W./sq.m)","1.1"," ","(kPa)","410.7","R","(m/s)","4.8","R","(m/s)"
"118","2018-04-28","118","231","metric","93436, 93437, 93438","daily","13.9"," ","(C)","18.1"," ","(C)","11"," ","(C)","9.5"," ","(C)",NA,"N","(mm)","0"," ","(mm)","75"," ","(%)","92"," ","(%)","55"," ","(%)","16.9"," ","(C)",NA,"M","(W./sq.m)","1.2"," ","(kPa)","469.7","R","(m/s)","5.4","R","(m/s)"
"119","2018-04-29","119","231","metric","93436, 93437, 93438","daily","13.3"," ","(C)","17.3"," ","(C)","10.7"," ","(C)","9.4"," ","(C)",NA,"N","(mm)","0"," ","(mm)","77"," ","(%)","92"," ","(%)","60"," ","(%)","17"," ","(C)",NA,"M","(W./sq.m)","1.2"," ","(kPa)","494.5","R","(m/s)","5.7","R","(m/s)"
"120","2018-04-30","120","231","metric","93436, 93437, 93438","daily","12.4"," ","(C)","16.3"," ","(C)","9.1"," ","(C)","8.5"," ","(C)",NA,"N","(mm)","0"," ","(mm)","77"," ","(%)","94"," ","(%)","63"," ","(%)","16.9"," ","(C)",NA,"M","(W./sq.m)","1.1"," ","(kPa)","478.5","R","(m/s)","5.5","R","(m/s)"
"121","2018-05-01","121","231","metric","93436, 93437, 93438","daily","12"," ","(C)","16.8"," ","(C)","6"," ","(C)","8"," ","(C)",NA,"N","(mm)","0"," ","(mm)","76"," ","(%)","92"," ","(%)","57"," ","(%)","16.7"," ","(C)",NA,"M","(W./sq.m)","1.1"," ","(kPa)","308.1","R","(m/s)","3.6","R","(m/s)"
"122","2018-05-02","122","231","metric","93436, 93437, 93438","daily","12.7"," ","(C)","17.7"," ","(C)","6.3"," ","(C)","8.4"," ","(C)",NA,"N","(mm)","0"," ","(mm)","76"," ","(%)","92"," ","(%)","55"," ","(%)","17.2"," ","(C)",NA,"M","(W./sq.m)","1.1"," ","(kPa)","255.1"," ","(m/s)","3"," ","(m/s)"
"123","2018-05-03","123","231","metric","93436, 93437, 93438","daily","11.6"," ","(C)","18.4"," ","(C)","3.4"," ","(C)","8.6"," ","(C)",NA,"N","(mm)","0"," ","(mm)","82"," ","(%)","96"," ","(%)","63"," ","(%)","17"," ","(C)",NA,"M","(W./sq.m)","1.1"," ","(kPa)","257.2"," ","(m/s)","3"," ","(m/s)"
"124","2018-05-04","124","231","metric","93436, 93437, 93438","daily","13.4"," ","(C)","17.7"," ","(C)","10.6"," ","(C)","11.2"," ","(C)",NA,"N","(mm)","0"," ","(mm)","86"," ","(%)","95"," ","(%)","74"," ","(%)","17.9"," ","(C)",NA,"M","(W./sq.m)","1.3"," ","(kPa)","291.3","Y","(m/s)","3.4","Y","(m/s)"
"125","2018-05-05","125","231","metric","93436, 93437, 93438","daily","12.9"," ","(C)","18.2"," ","(C)","10.8"," ","(C)","11"," ","(C)",NA,"N","(mm)","0"," ","(mm)","88"," ","(%)","97"," ","(%)","73"," ","(%)","18"," ","(C)",NA,"M","(W./sq.m)","1.3"," ","(kPa)","276.7","Y","(m/s)","3.2","Y","(m/s)"
"126","2018-05-06","126","231","metric","93436, 93437, 93438","daily","13.2"," ","(C)","17.5"," ","(C)","9.3"," ","(C)","10.1"," ","(C)",NA,"N","(mm)","0"," ","(mm)","82"," ","(%)","95"," ","(%)","69"," ","(%)","17.9"," ","(C)",NA,"M","(W./sq.m)","1.2"," ","(kPa)","268.4","Y","(m/s)","3.1","Y","(m/s)"
"127","2018-05-07","127","231","metric","93436, 93437, 93438","daily","14.3"," ","(C)","21.7"," ","(C)","7.9"," ","(C)","10.4"," ","(C)",NA,"N","(mm)","0"," ","(mm)","77"," ","(%)","99"," ","(%)","56"," ","(%)","18.3"," ","(C)",NA,"M","(W./sq.m)","1.3"," ","(kPa)","262.3","Y","(m/s)","3","Y","(m/s)"
"128","2018-05-08","128","231","metric","93436, 93437, 93438","daily","13.4"," ","(C)","19.8"," ","(C)","8.3"," ","(C)","11.3"," ","(C)",NA,"N","(mm)","0"," ","(mm)","87"," ","(%)","97"," ","(%)","67"," ","(%)","18.5"," ","(C)",NA,"M","(W./sq.m)","1.3"," ","(kPa)","339.3","R","(m/s)","3.9","R","(m/s)"
"129","2018-05-09","129","231","metric","93436, 93437, 93438","daily","13.8"," ","(C)","18.9"," ","(C)","10.4"," ","(C)","11.2"," ","(C)",NA,"N","(mm)","0"," ","(mm)","84"," ","(%)","99"," ","(%)","70"," ","(%)","18.8"," ","(C)",NA,"M","(W./sq.m)","1.3"," ","(kPa)","394.3","R","(m/s)","4.6","R","(m/s)"
"130","2018-05-10","130","231","metric","93436, 93437, 93438","daily","13.8"," ","(C)","16.9"," ","(C)","11.6"," ","(C)","10.4"," ","(C)",NA,"N","(mm)","0"," ","(mm)","80"," ","(%)","94"," ","(%)","72"," ","(%)","18.6"," ","(C)","389","R","(W./sq.m)","1.3"," ","(kPa)","560","R","(m/s)","6.5","R","(m/s)"
"131","2018-05-11","131","231","metric","93436, 93437, 93438","daily","12.8"," ","(C)","16.7"," ","(C)","10.9"," ","(C)","10"," ","(C)",NA,"N","(mm)","0"," ","(mm)","83"," ","(%)","91"," ","(%)","71"," ","(%)","17.9"," ","(C)","163"," ","(W./sq.m)","1.2"," ","(kPa)","303.9","R","(m/s)","3.5","R","(m/s)"
"132","2018-05-12","132","231","metric","93436, 93437, 93438","daily","14.5"," ","(C)","22.8"," ","(C)","8.2"," ","(C)","9.8"," ","(C)",NA,"N","(mm)","0"," ","(mm)","74"," ","(%)","93"," ","(%)","49"," ","(%)","18.6"," ","(C)","285"," ","(W./sq.m)","1.2"," ","(kPa)","186"," ","(m/s)","2.2"," ","(m/s)"
"133","2018-05-13","133","231","metric","93436, 93437, 93438","daily","12.3"," ","(C)","20.1"," ","(C)","6.7"," ","(C)","8.8"," ","(C)",NA,"N","(mm)","0"," ","(mm)","80"," ","(%)","95"," ","(%)","61"," ","(%)","18.7"," ","(C)","211"," ","(W./sq.m)","1.1"," ","(kPa)","184.2"," ","(m/s)","2.1"," ","(m/s)"
"134","2018-05-14","134","231","metric","93436, 93437, 93438","daily","12.8"," ","(C)","18.7"," ","(C)","6.5"," ","(C)","8.6"," ","(C)",NA,"N","(mm)","0"," ","(mm)","76"," ","(%)","93"," ","(%)","58"," ","(%)","18.7"," ","(C)","313"," ","(W./sq.m)","1.1"," ","(kPa)","231.4"," ","(m/s)","2.7"," ","(m/s)"
"135","2018-05-15","135","231","metric","93436, 93437, 93438","daily","13.3"," ","(C)","19.2"," ","(C)","7"," ","(C)","8.7"," ","(C)",NA,"N","(mm)","0"," ","(mm)","74"," ","(%)","93"," ","(%)","54"," ","(%)","19.4"," ","(C)","337"," ","(W./sq.m)","1.1"," ","(kPa)","237"," ","(m/s)","2.7"," ","(m/s)"
"136","2018-05-16","136","231","metric","93436, 93437, 93438","daily","13.1"," ","(C)","19.9"," ","(C)","4.1"," ","(C)","8.9"," ","(C)",NA,"N","(mm)","0"," ","(mm)","76"," ","(%)","96"," ","(%)","55"," ","(%)","19.2"," ","(C)","344"," ","(W./sq.m)","1.1"," ","(kPa)","299.4","Y","(m/s)","3.5","Y","(m/s)"
"137","2018-05-17","137","231","metric","93436, 93437, 93438","daily","13.7"," ","(C)","18.3"," ","(C)","6.6"," ","(C)","10.7"," ","(C)",NA,"N","(mm)","0"," ","(mm)","82"," ","(%)","96"," ","(%)","68"," ","(%)","18.9"," ","(C)","323"," ","(W./sq.m)","1.3"," ","(kPa)","398.9","R","(m/s)","4.6","R","(m/s)"
"138","2018-05-18","138","231","metric","93436, 93437, 93438","daily","13.5"," ","(C)","17.4"," ","(C)","12"," ","(C)","10.8"," ","(C)",NA,"N","(mm)","0"," ","(mm)","84"," ","(%)","90"," ","(%)","72"," ","(%)","18.8"," ","(C)","210"," ","(W./sq.m)","1.3"," ","(kPa)","408.2","R","(m/s)","4.7","R","(m/s)"
"139","2018-05-19","139","231","metric","93436, 93437, 93438","daily","13"," ","(C)","16.4"," ","(C)","11.6"," ","(C)","10.7"," ","(C)",NA,"N","(mm)","0"," ","(mm)","86"," ","(%)","95"," ","(%)","76"," ","(%)","18.5"," ","(C)","191"," ","(W./sq.m)","1.3"," ","(kPa)","398.6","R","(m/s)","4.6","R","(m/s)"
"140","2018-05-20","140","231","metric","93436, 93437, 93438","daily","12.9"," ","(C)","15.5"," ","(C)","11.4"," ","(C)","9.6"," ","(C)",NA,"N","(mm)","0"," ","(mm)","80"," ","(%)","88"," ","(%)","73"," ","(%)","18.1"," ","(C)","185"," ","(W./sq.m)","1.2"," ","(kPa)","447.6","R","(m/s)","5.2","R","(m/s)"
"141","2018-05-21","141","231","metric","93436, 93437, 93438","daily","12.7"," ","(C)","15.4"," ","(C)","11.4"," ","(C)","10"," ","(C)",NA,"N","(mm)","0"," ","(mm)","84"," ","(%)","90"," ","(%)","72"," ","(%)","17.7"," ","(C)","132"," ","(W./sq.m)","1.2"," ","(kPa)","348.2","R","(m/s)","4","R","(m/s)"
"142","2018-05-22","142","231","metric","93436, 93437, 93438","daily","13.6"," ","(C)","17.9"," ","(C)","11.2"," ","(C)","10.6"," ","(C)",NA,"N","(mm)","0"," ","(mm)","82"," ","(%)","95"," ","(%)","67"," ","(%)","18"," ","(C)","276"," ","(W./sq.m)","1.3"," ","(kPa)","261"," ","(m/s)","3"," ","(m/s)"
"143","2018-05-23","143","231","metric","93436, 93437, 93438","daily","13.7"," ","(C)","18.1"," ","(C)","10.3"," ","(C)","10.6"," ","(C)",NA,"N","(mm)","0"," ","(mm)","82"," ","(%)","92"," ","(%)","67"," ","(%)","18.7"," ","(C)","259"," ","(W./sq.m)","1.3"," ","(kPa)","220.2"," ","(m/s)","2.5"," ","(m/s)"
"144","2018-05-24","144","231","metric","93436, 93437, 93438","daily","13.7"," ","(C)","16.6"," ","(C)","10.7"," ","(C)","11.2"," ","(C)",NA,"N","(mm)","0"," ","(mm)","85"," ","(%)","92"," ","(%)","77"," ","(%)","18.6"," ","(C)","112"," ","(W./sq.m)","1.3"," ","(kPa)","174.3"," ","(m/s)","2"," ","(m/s)"
"145","2018-05-25","145","231","metric","93436, 93437, 93438","daily","14.1"," ","(C)","19.2"," ","(C)","9"," ","(C)","10.4"," ","(C)",NA,"N","(mm)","0"," ","(mm)","78"," ","(%)","94"," ","(%)","62"," ","(%)","18.7"," ","(C)","310"," ","(W./sq.m)","1.3"," ","(kPa)","260.2"," ","(m/s)","3"," ","(m/s)"
"146","2018-05-26","146","231","metric","93436, 93437, 93438","daily","14"," ","(C)","17.5"," ","(C)","11.8"," ","(C)","10.8"," ","(C)",NA,"N","(mm)","0"," ","(mm)","81"," ","(%)","94"," ","(%)","71"," ","(%)","18.9"," ","(C)","271"," ","(W./sq.m)","1.3"," ","(kPa)","402.5","R","(m/s)","4.7","R","(m/s)"
"147","2018-05-27","147","231","metric","93436, 93437, 93438","daily","13.3"," ","(C)","16.6"," ","(C)","11.7"," ","(C)","11.3"," ","(C)",NA,"N","(mm)","0"," ","(mm)","87"," ","(%)","95"," ","(%)","76"," ","(%)","18.9"," ","(C)","253"," ","(W./sq.m)","1.3"," ","(kPa)","320.4","Y","(m/s)","3.7","Y","(m/s)"
"148","2018-05-28","148","231","metric","93436, 93437, 93438","daily","13.8"," ","(C)","17.9"," ","(C)","11.4"," ","(C)","12"," ","(C)",NA,"N","(mm)","0"," ","(mm)","89"," ","(%)","97"," ","(%)","75"," ","(%)","19.2"," ","(C)","294"," ","(W./sq.m)","1.4"," ","(kPa)","259.5"," ","(m/s)","3"," ","(m/s)"
"149","2018-05-29","149","231","metric","93436, 93437, 93438","daily","14.1"," ","(C)","20.5"," ","(C)","11.6"," ","(C)","12.4"," ","(C)",NA,"N","(mm)","0"," ","(mm)","89"," ","(%)","99"," ","(%)","69"," ","(%)","19.5"," ","(C)","268"," ","(W./sq.m)","1.4"," ","(kPa)","240.6"," ","(m/s)","2.8"," ","(m/s)"
"150","2018-05-30","150","231","metric","93436, 93437, 93438","daily","13.5"," ","(C)","17.3"," ","(C)","12.2"," ","(C)","11.5"," ","(C)",NA,"N","(mm)","0.6"," ","(mm)","88"," ","(%)","99"," ","(%)","75"," ","(%)","19.2"," ","(C)","136"," ","(W./sq.m)","1.4"," ","(kPa)","263"," ","(m/s)","3"," ","(m/s)"
"151","2018-05-31","151","231","metric","93436, 93437, 93438","daily","13.3"," ","(C)","17"," ","(C)","9"," ","(C)","9"," ","(C)",NA,"N","(mm)","0"," ","(mm)","75"," ","(%)","91"," ","(%)","63"," ","(%)","18.5"," ","(C)","304"," ","(W./sq.m)","1.1"," ","(kPa)","388.5","R","(m/s)","4.5","R","(m/s)"
"152","2018-06-01","152","231","metric","93436, 93437, 93438","daily","12.4"," ","(C)","19.4"," ","(C)","4.3"," ","(C)","9"," ","(C)",NA,"N","(mm)","0"," ","(mm)","80"," ","(%)","96"," ","(%)","58"," ","(%)","18.5"," ","(C)","350"," ","(W./sq.m)","1.1"," ","(kPa)","257.4"," ","(m/s)","3"," ","(m/s)"
"153","2018-06-02","153","231","metric","93436, 93437, 93438","daily","14.2"," ","(C)","22.7"," ","(C)","6"," ","(C)","10.5"," ","(C)",NA,"N","(mm)","0"," ","(mm)","78"," ","(%)","95"," ","(%)","56"," ","(%)","19.1"," ","(C)","350"," ","(W./sq.m)","1.3"," ","(kPa)","245.6"," ","(m/s)","2.8"," ","(m/s)"
"154","2018-06-03","154","231","metric","93436, 93437, 93438","daily","13.6"," ","(C)","18.4"," ","(C)","8.3"," ","(C)","11.7"," ","(C)",NA,"N","(mm)","0"," ","(mm)","88"," ","(%)","97"," ","(%)","73"," ","(%)","19.6"," ","(C)","334"," ","(W./sq.m)","1.4"," ","(kPa)","270.9"," ","(m/s)","3.1"," ","(m/s)"
"155","2018-06-04","155","231","metric","93436, 93437, 93438","daily","14.3"," ","(C)","19.4"," ","(C)","10.7"," ","(C)","11.7"," ","(C)",NA,"N","(mm)","0"," ","(mm)","84"," ","(%)","99"," ","(%)","70"," ","(%)","20"," ","(C)","317"," ","(W./sq.m)","1.4"," ","(kPa)","279.8","Y","(m/s)","3.2","Y","(m/s)"
"156","2018-06-05","156","231","metric","93436, 93437, 93438","daily","13.4"," ","(C)","17.7"," ","(C)","11.1"," ","(C)","10.6"," ","(C)",NA,"N","(mm)","0"," ","(mm)","83"," ","(%)","95"," ","(%)","70"," ","(%)","19.7"," ","(C)","273"," ","(W./sq.m)","1.3"," ","(kPa)","373.7","R","(m/s)","4.3","R","(m/s)"
"157","2018-06-06","157","231","metric","93436, 93437, 93438","daily","13.8"," ","(C)","17.7"," ","(C)","11.5"," ","(C)","10.2"," ","(C)",NA,"N","(mm)","0"," ","(mm)","79"," ","(%)","87"," ","(%)","67"," ","(%)","19.5"," ","(C)","278"," ","(W./sq.m)","1.2"," ","(kPa)","402.5","R","(m/s)","4.7","R","(m/s)"
"158","2018-06-07","158","231","metric","93436, 93437, 93438","daily","14.1"," ","(C)","18.3"," ","(C)","8.7"," ","(C)","10.6"," ","(C)",NA,"N","(mm)","0"," ","(mm)","80"," ","(%)","94"," ","(%)","66"," ","(%)","19.6"," ","(C)","321"," ","(W./sq.m)","1.3"," ","(kPa)","372.6","R","(m/s)","4.3","R","(m/s)"
"159","2018-06-08","159","231","metric","93436, 93437, 93438","daily","13.5"," ","(C)","19.5"," ","(C)","6.9"," ","(C)","10.7"," ","(C)",NA,"N","(mm)","0"," ","(mm)","83"," ","(%)","98"," ","(%)","67"," ","(%)","19.5"," ","(C)","349"," ","(W./sq.m)","1.3"," ","(kPa)","382.8","R","(m/s)","4.4","R","(m/s)"
"160","2018-06-09","160","231","metric","93436, 93437, 93438","daily","14.1"," ","(C)","19"," ","(C)","10.9"," ","(C)","10.7"," ","(C)",NA,"N","(mm)","0"," ","(mm)","80"," ","(%)","98"," ","(%)","65"," ","(%)","19.8"," ","(C)","327"," ","(W./sq.m)","1.3"," ","(kPa)","472.1","R","(m/s)","5.5","R","(m/s)"
"161","2018-06-10","161","231","metric","93436, 93437, 93438","daily","14.9"," ","(C)","21.5"," ","(C)","10.4"," ","(C)","8.1"," ","(C)",NA,"N","(mm)","0"," ","(mm)","63"," ","(%)","87"," ","(%)","42"," ","(%)","19.5"," ","(C)","352"," ","(W./sq.m)","1.1"," ","(kPa)","467.3","R","(m/s)","5.4","R","(m/s)"
"162","2018-06-11","162","231","metric","93436, 93437, 93438","daily","13.6"," ","(C)","20.6"," ","(C)","6.7"," ","(C)","10"," ","(C)",NA,"N","(mm)","0"," ","(mm)","79"," ","(%)","98"," ","(%)","53"," ","(%)","19.5"," ","(C)","343"," ","(W./sq.m)","1.2"," ","(kPa)","348.3","R","(m/s)","4","R","(m/s)"
"163","2018-06-12","163","231","metric","93436, 93437, 93438","daily","13.6"," ","(C)","19.4"," ","(C)","9.8"," ","(C)","11.3"," ","(C)",NA,"N","(mm)","0"," ","(mm)","86"," ","(%)","99"," ","(%)","67"," ","(%)","20.1"," ","(C)","344"," ","(W./sq.m)","1.3"," ","(kPa)","279.1","Y","(m/s)","3.2","Y","(m/s)"
"164","2018-06-13","164","231","metric","93436, 93437, 93438","daily","14"," ","(C)","18.8"," ","(C)","10.2"," ","(C)","11.5"," ","(C)",NA,"N","(mm)","0"," ","(mm)","85"," ","(%)","99"," ","(%)","66"," ","(%)","20.5"," ","(C)","335"," ","(W./sq.m)","1.4"," ","(kPa)","290.3","Y","(m/s)","3.4","Y","(m/s)"
"165","2018-06-14","165","231","metric","93436, 93437, 93438","daily","13.2"," ","(C)","17.5"," ","(C)","10.3"," ","(C)","11.1"," ","(C)",NA,"N","(mm)","0"," ","(mm)","87"," ","(%)","98"," ","(%)","71"," ","(%)","20.5"," ","(C)","284"," ","(W./sq.m)","1.3"," ","(kPa)","282.4","Y","(m/s)","3.3","Y","(m/s)"
"166","2018-06-15","166","231","metric","93436, 93437, 93438","daily","14.3"," ","(C)","18.8"," ","(C)","11.6"," ","(C)","11.1"," ","(C)",NA,"N","(mm)","0"," ","(mm)","81"," ","(%)","96"," ","(%)","66"," ","(%)","20.5"," ","(C)","310"," ","(W./sq.m)","1.3"," ","(kPa)","301.8","R","(m/s)","3.5","R","(m/s)"
"167","2018-06-16","167","231","metric","93436, 93437, 93438","daily","14.8"," ","(C)","18.5"," ","(C)","12.6"," ","(C)","11.2"," ","(C)",NA,"N","(mm)","0"," ","(mm)","79"," ","(%)","88"," ","(%)","66"," ","(%)","20.5"," ","(C)","207"," ","(W./sq.m)","1.3"," ","(kPa)","281.1","Y","(m/s)","3.3","Y","(m/s)"
"168","2018-06-17","168","231","metric","93436, 93437, 93438","daily","14.7"," ","(C)","19.3"," ","(C)","8.8"," ","(C)","10.5"," ","(C)",NA,"N","(mm)","0"," ","(mm)","76"," ","(%)","89"," ","(%)","55"," ","(%)","20.6"," ","(C)","260"," ","(W./sq.m)","1.3"," ","(kPa)","257.2","Y","(m/s)","3","Y","(m/s)"
"169","2018-06-18","169","231","metric","93436, 93437, 93438","daily","13.4"," ","(C)","19.4"," ","(C)","5.1"," ","(C)","10.6"," ","(C)",NA,"N","(mm)","0"," ","(mm)","83"," ","(%)","94"," ","(%)","68"," ","(%)","20.3"," ","(C)","327"," ","(W./sq.m)","1.3"," ","(kPa)","334.9","R","(m/s)","3.9","R","(m/s)"
"170","2018-06-19","170","231","metric","93436, 93437, 93438","daily","13.6"," ","(C)","16.9"," ","(C)","12"," ","(C)","11.9"," ","(C)",NA,"N","(mm)","0"," ","(mm)","89"," ","(%)","97"," ","(%)","78"," ","(%)","20.5"," ","(C)","238"," ","(W./sq.m)","1.4"," ","(kPa)","319.2","R","(m/s)","3.7","R","(m/s)"
"171","2018-06-20","171","231","metric","93436, 93437, 93438","daily","13.5"," ","(C)","17.4"," ","(C)","11.2"," ","(C)","11.5"," ","(C)",NA,"N","(mm)","0"," ","(mm)","88"," ","(%)","99"," ","(%)","73"," ","(%)","20.1"," ","(C)","280"," ","(W./sq.m)","1.4"," ","(kPa)","326.6","R","(m/s)","3.8","R","(m/s)"
"172","2018-06-21","172","231","metric","93436, 93437, 93438","daily","13.4"," ","(C)","17.5"," ","(C)","10.7"," ","(C)","11.3"," ","(C)",NA,"N","(mm)","0"," ","(mm)","87"," ","(%)","98"," ","(%)","72"," ","(%)","20.1"," ","(C)","295"," ","(W./sq.m)","1.3"," ","(kPa)","300.6","R","(m/s)","3.5","R","(m/s)"
"173","2018-06-22","173","231","metric","93436, 93437, 93438","daily","13.6"," ","(C)","17.6"," ","(C)","10.9"," ","(C)","11.6"," ","(C)",NA,"N","(mm)","0"," ","(mm)","88"," ","(%)","98"," ","(%)","73"," ","(%)","20.3"," ","(C)","308"," ","(W./sq.m)","1.4"," ","(kPa)","301.9","R","(m/s)","3.5","R","(m/s)"
"174","2018-06-23","174","231","metric","93436, 93437, 93438","daily","15.7"," ","(C)","22"," ","(C)","11.6"," ","(C)","13.6"," ","(C)",NA,"N","(mm)","0"," ","(mm)","88"," ","(%)","98"," ","(%)","68"," ","(%)","20.9"," ","(C)","319"," ","(W./sq.m)","1.6"," ","(kPa)","251.9","Y","(m/s)","2.9","Y","(m/s)"
"175","2018-06-24","175","231","metric","93436, 93437, 93438","daily","18.4"," ","(C)","24.9"," ","(C)","15.4","Y","(C)","14.9"," ","(C)",NA,"N","(mm)","0"," ","(mm)","80"," ","(%)","94"," ","(%)","58"," ","(%)","21.6"," ","(C)","287"," ","(W./sq.m)","1.7"," ","(kPa)","297.1","R","(m/s)","3.4","R","(m/s)"
"176","2018-06-25","176","231","metric","93436, 93437, 93438","daily","16.9"," ","(C)","21.2"," ","(C)","14.3"," ","(C)","14.2"," ","(C)",NA,"N","(mm)","0"," ","(mm)","84"," ","(%)","96"," ","(%)","66"," ","(%)","21.9"," ","(C)","196"," ","(W./sq.m)","1.6"," ","(kPa)","235.2"," ","(m/s)","2.7"," ","(m/s)"
"177","2018-06-26","177","231","metric","93436, 93437, 93438","daily","15"," ","(C)","18.9"," ","(C)","13.1"," ","(C)","12.8"," ","(C)",NA,"N","(mm)","0"," ","(mm)","87"," ","(%)","96"," ","(%)","73"," ","(%)","21.8"," ","(C)","265"," ","(W./sq.m)","1.5"," ","(kPa)","263.3","Y","(m/s)","3","Y","(m/s)"
"178","2018-06-27","178","231","metric","93436, 93437, 93438","daily","14.9"," ","(C)","19.1"," ","(C)","12.2"," ","(C)","12.1"," ","(C)",NA,"N","(mm)","0"," ","(mm)","84"," ","(%)","97"," ","(%)","69"," ","(%)","21.4"," ","(C)","286"," ","(W./sq.m)","1.4"," ","(kPa)","333.3","R","(m/s)","3.9","R","(m/s)"
"179","2018-06-28","179","231","metric","93436, 93437, 93438","daily","15.4"," ","(C)","19.7"," ","(C)","12.9"," ","(C)","11.9"," ","(C)",NA,"N","(mm)","0"," ","(mm)","79"," ","(%)","89"," ","(%)","67"," ","(%)","21.3"," ","(C)","296"," ","(W./sq.m)","1.4"," ","(kPa)","416.4","R","(m/s)","4.8","R","(m/s)"
"180","2018-06-29","180","231","metric","93436, 93437, 93438","daily","14.6"," ","(C)","18.1","Y","(C)","13.2"," ","(C)","11.9"," ","(C)",NA,"N","(mm)","0"," ","(mm)","84"," ","(%)","92"," ","(%)","73"," ","(%)","21.2"," ","(C)","243"," ","(W./sq.m)","1.4"," ","(kPa)","299.2","R","(m/s)","3.5","R","(m/s)"
"181","2018-06-30","181","231","metric","93436, 93437, 93438","daily","15.9"," ","(C)","20.6"," ","(C)","12.3"," ","(C)","13.3"," ","(C)",NA,"N","(mm)","0"," ","(mm)","84"," ","(%)","97"," ","(%)","73"," ","(%)","21.6"," ","(C)","320"," ","(W./sq.m)","1.5"," ","(kPa)","257.2","Y","(m/s)","3","Y","(m/s)"
"182","2018-07-01","182","231","metric","93436, 93437, 93438","daily","16.3"," ","(C)","23.3"," ","(C)","10.1"," ","(C)","13.4"," ","(C)",NA,"N","(mm)","0"," ","(mm)","83"," ","(%)","94"," ","(%)","66"," ","(%)","21.8"," ","(C)","294"," ","(W./sq.m)","1.5"," ","(kPa)","214.6"," ","(m/s)","2.5"," ","(m/s)"
"183","2018-07-02","183","231","metric","93436, 93437, 93438","daily","16.6"," ","(C)","19.9"," ","(C)","14.7"," ","(C)","14.1"," ","(C)",NA,"N","(mm)","0"," ","(mm)","85"," ","(%)","92"," ","(%)","74"," ","(%)","22.2","Y","(C)","286"," ","(W./sq.m)","1.6"," ","(kPa)","247.6","Y","(m/s)","2.9","Y","(m/s)"
"184","2018-07-03","184","231","metric","93436, 93437, 93438","daily","17.1"," ","(C)","23.5"," ","(C)","14.1"," ","(C)","14.3"," ","(C)",NA,"N","(mm)","0"," ","(mm)","84"," ","(%)","96"," ","(%)","62"," ","(%)","22.4","Y","(C)","255"," ","(W./sq.m)","1.6"," ","(kPa)","231.3"," ","(m/s)","2.7"," ","(m/s)"
"185","2018-07-04","185","231","metric","93436, 93437, 93438","daily","16.5"," ","(C)","20.2"," ","(C)","10.1"," ","(C)","13.7"," ","(C)",NA,"N","(mm)","0"," ","(mm)","83"," ","(%)","95"," ","(%)","71"," ","(%)","22.5","Y","(C)","296"," ","(W./sq.m)","1.6"," ","(kPa)","263.3","Y","(m/s)","3","Y","(m/s)"
"186","2018-07-05","186","231","metric","93436, 93437, 93438","daily","15.4"," ","(C)","22.3"," ","(C)","8.1"," ","(C)","13"," ","(C)",NA,"N","(mm)","0"," ","(mm)","85"," ","(%)","94"," ","(%)","67"," ","(%)","22","Y","(C)","238"," ","(W./sq.m)","1.5"," ","(kPa)","270.1","Y","(m/s)","3.1","Y","(m/s)"
"187","2018-07-06","187","231","metric","93436, 93437, 93438","daily","19.3"," ","(C)","28.7"," ","(C)","10.4"," ","(C)","13.4"," ","(C)",NA,"N","(mm)","0"," ","(mm)","69"," ","(%)","96"," ","(%)","48"," ","(%)","22.4","Y","(C)","344"," ","(W./sq.m)","1.5"," ","(kPa)","344.6","R","(m/s)","4","R","(m/s)"
"188","2018-07-07","188","231","metric","93436, 93437, 93438","daily","18.9"," ","(C)","24.7"," ","(C)","13"," ","(C)","12.6"," ","(C)",NA,"N","(mm)","0"," ","(mm)","67"," ","(%)","88"," ","(%)","47"," ","(%)","23.2","R","(C)","331"," ","(W./sq.m)","1.5"," ","(kPa)","303.2","R","(m/s)","3.5","R","(m/s)"
"189","2018-07-08","189","231","metric","93436, 93437, 93438","daily","18.1"," ","(C)","25.2"," ","(C)","11.3"," ","(C)","11.4"," ","(C)",NA,"N","(mm)","0"," ","(mm)","65"," ","(%)","87"," ","(%)","46"," ","(%)","23.4","R","(C)","332"," ","(W./sq.m)","1.4"," ","(kPa)","274.4","R","(m/s)","3.2","R","(m/s)"
"190","2018-07-09","190","231","metric","93436, 93437, 93438","daily","17.5"," ","(C)","24.2"," ","(C)","10.7"," ","(C)","11.2"," ","(C)",NA,"N","(mm)","0"," ","(mm)","67"," ","(%)","81"," ","(%)","51"," ","(%)","23.4","R","(C)","287"," ","(W./sq.m)","1.3"," ","(kPa)","262.1","Y","(m/s)","3","Y","(m/s)"
"191","2018-07-10","191","231","metric","93436, 93437, 93438","daily","17.6"," ","(C)","22.6"," ","(C)","12.4"," ","(C)","12.4"," ","(C)",NA,"N","(mm)","0"," ","(mm)","72"," ","(%)","84"," ","(%)","60"," ","(%)","23.5","R","(C)","335"," ","(W./sq.m)","1.4"," ","(kPa)","278","R","(m/s)","3.2","R","(m/s)"
"192","2018-07-11","192","231","metric","93436, 93437, 93438","daily","15.3"," ","(C)","19.7"," ","(C)","11"," ","(C)","13"," ","(C)",NA,"N","(mm)","0"," ","(mm)","86"," ","(%)","96"," ","(%)","72"," ","(%)","23.1","Y","(C)","295"," ","(W./sq.m)","1.5"," ","(kPa)","284.3","R","(m/s)","3.3","R","(m/s)"
"193","2018-07-12","193","231","metric","93436, 93437, 93438","daily","15.9"," ","(C)","19.8"," ","(C)","13.6"," ","(C)","13.8"," ","(C)",NA,"N","(mm)","0"," ","(mm)","87"," ","(%)","95"," ","(%)","75"," ","(%)","22.8","Y","(C)","197"," ","(W./sq.m)","1.6"," ","(kPa)","246.4","Y","(m/s)","2.9","Y","(m/s)"
"194","2018-07-13","194","231","metric","93436, 93437, 93438","daily","16.5"," ","(C)","20.4"," ","(C)","14.2"," ","(C)","14.5"," ","(C)",NA,"N","(mm)","0"," ","(mm)","88"," ","(%)","97"," ","(%)","75"," ","(%)","22.8","Y","(C)","308"," ","(W./sq.m)","1.7"," ","(kPa)","303","R","(m/s)","3.5","R","(m/s)"
"195","2018-07-14","195","231","metric","93436, 93437, 93438","daily","16.1"," ","(C)","20.1"," ","(C)","14.1"," ","(C)","14.2"," ","(C)",NA,"N","(mm)","0"," ","(mm)","88"," ","(%)","98"," ","(%)","75"," ","(%)","22.8","Y","(C)","280"," ","(W./sq.m)","1.6"," ","(kPa)","365","R","(m/s)","4.2","R","(m/s)"
"196","2018-07-15","196","231","metric","93436, 93437, 93438","daily","15.8"," ","(C)","19.6"," ","(C)","13.6"," ","(C)","13.7"," ","(C)",NA,"N","(mm)","0"," ","(mm)","87"," ","(%)","98"," ","(%)","74"," ","(%)","22.6","Y","(C)","239"," ","(W./sq.m)","1.6"," ","(kPa)","306.7","R","(m/s)","3.6","R","(m/s)"
"197","2018-07-16","197","231","metric","93436, 93437, 93438","daily","16"," ","(C)","19.8"," ","(C)","14"," ","(C)","13.5"," ","(C)",NA,"N","(mm)","0"," ","(mm)","85"," ","(%)","94"," ","(%)","72"," ","(%)","22.5","Y","(C)","287"," ","(W./sq.m)","1.6"," ","(kPa)","308.4","R","(m/s)","3.6","R","(m/s)"
"198","2018-07-17","198","231","metric","93436, 93437, 93438","daily","15.7"," ","(C)","19.6","Y","(C)","13.5"," ","(C)","13.5"," ","(C)",NA,"N","(mm)","0"," ","(mm)","87"," ","(%)","96"," ","(%)","73"," ","(%)","22.6","Y","(C)","275"," ","(W./sq.m)","1.6"," ","(kPa)","290.6","R","(m/s)","3.4","R","(m/s)"
"199","2018-07-18","199","231","metric","93436, 93437, 93438","daily","15.9"," ","(C)","21"," ","(C)","13.3"," ","(C)","13.9"," ","(C)",NA,"N","(mm)","0"," ","(mm)","88"," ","(%)","98"," ","(%)","70"," ","(%)","22.7","Y","(C)","267"," ","(W./sq.m)","1.6"," ","(kPa)","281.5","R","(m/s)","3.3","R","(m/s)"
"200","2018-07-19","200","231","metric","93436, 93437, 93438","daily","17.1"," ","(C)","23.5"," ","(C)","13.4"," ","(C)","14.9"," ","(C)",NA,"N","(mm)","0"," ","(mm)","87"," ","(%)","97"," ","(%)","68"," ","(%)","23","Y","(C)","314"," ","(W./sq.m)","1.7"," ","(kPa)","266.3","Y","(m/s)","3.1","Y","(m/s)"
"201","2018-07-20","201","231","metric","93436, 93437, 93438","daily","17.6"," ","(C)","21.8"," ","(C)","14.4"," ","(C)","15.9"," ","(C)",NA,"N","(mm)","0"," ","(mm)","90"," ","(%)","99"," ","(%)","77"," ","(%)","23.4","Y","(C)","296"," ","(W./sq.m)","1.8"," ","(kPa)","280.8","R","(m/s)","3.3","R","(m/s)"
"202","2018-07-21","202","231","metric","93436, 93437, 93438","daily","17.9"," ","(C)","22.2"," ","(C)","15.6"," ","(C)","15.6"," ","(C)",NA,"N","(mm)","0"," ","(mm)","87"," ","(%)","98"," ","(%)","71"," ","(%)","23.8","Y","(C)","302"," ","(W./sq.m)","1.8"," ","(kPa)","277.6","R","(m/s)","3.2","R","(m/s)"
"203","2018-07-22","203","231","metric","93436, 93437, 93438","daily","17.8"," ","(C)","22.1"," ","(C)","15.2"," ","(C)","15.2"," ","(C)",NA,"N","(mm)","0"," ","(mm)","85"," ","(%)","97"," ","(%)","72"," ","(%)","24","R","(C)","313"," ","(W./sq.m)","1.7"," ","(kPa)","286.2","R","(m/s)","3.3","R","(m/s)"
"204","2018-07-23","204","231","metric","93436, 93437, 93438","daily","17.3"," ","(C)","21.8"," ","(C)","14.1"," ","(C)","14.9"," ","(C)",NA,"N","(mm)","0"," ","(mm)","86"," ","(%)","95"," ","(%)","72"," ","(%)","23.6","Y","(C)","279"," ","(W./sq.m)","1.7"," ","(kPa)","371.2","R","(m/s)","4.3","R","(m/s)"
"205","2018-07-24","205","231","metric","93436, 93437, 93438","daily","16.4"," ","(C)","20.2"," ","(C)","12.5"," ","(C)","14"," ","(C)",NA,"N","(mm)","0"," ","(mm)","86"," ","(%)","98"," ","(%)","72"," ","(%)","23","Y","(C)","309"," ","(W./sq.m)","1.6"," ","(kPa)","362.8","R","(m/s)","4.2","R","(m/s)"
"206","2018-07-25","206","231","metric","93436, 93437, 93438","daily","15.8"," ","(C)","22.4"," ","(C)","10.5"," ","(C)","13"," ","(C)",NA,"N","(mm)","0"," ","(mm)","84"," ","(%)","98"," ","(%)","65"," ","(%)","22.8","Y","(C)","305"," ","(W./sq.m)","1.5"," ","(kPa)","291.3","R","(m/s)","3.4","R","(m/s)"
"207","2018-07-26","207","231","metric","93436, 93437, 93438","daily","14.7"," ","(C)","19","Y","(C)","11.4"," ","(C)","12.9"," ","(C)",NA,"N","(mm)","0"," ","(mm)","89"," ","(%)","99"," ","(%)","76"," ","(%)","22.7","Y","(C)","289"," ","(W./sq.m)","1.5"," ","(kPa)","308.3","R","(m/s)","3.6","R","(m/s)"
"208","2018-07-27","208","231","metric","93436, 93437, 93438","daily","14.5"," ","(C)","18.9","Y","(C)","12.2"," ","(C)","12.9"," ","(C)",NA,"N","(mm)","0"," ","(mm)","90"," ","(%)","99"," ","(%)","77"," ","(%)","22.5","Y","(C)","243"," ","(W./sq.m)","1.5"," ","(kPa)","319.3","R","(m/s)","3.7","R","(m/s)"
"209","2018-07-28","209","231","metric","93436, 93437, 93438","daily","14.1"," ","(C)","18.5","Y","(C)","11.6"," ","(C)","12.5"," ","(C)",NA,"N","(mm)","0"," ","(mm)","90"," ","(%)","99"," ","(%)","76"," ","(%)","22.2"," ","(C)","265"," ","(W./sq.m)","1.5"," ","(kPa)","262.1","Y","(m/s)","3","Y","(m/s)"
"210","2018-07-29","210","231","metric","93436, 93437, 93438","daily","14.9"," ","(C)","21.2"," ","(C)","11.7"," ","(C)","13"," ","(C)",NA,"N","(mm)","0"," ","(mm)","88"," ","(%)","99"," ","(%)","69"," ","(%)","22.4","Y","(C)","223"," ","(W./sq.m)","1.5"," ","(kPa)","278.8","R","(m/s)","3.2","R","(m/s)"
"211","2018-07-30","211","231","metric","93436, 93437, 93438","daily","14.7"," ","(C)","20.6"," ","(C)","11.4"," ","(C)","12.9"," ","(C)",NA,"N","(mm)","0"," ","(mm)","89"," ","(%)","99"," ","(%)","70"," ","(%)","22.6","Y","(C)","229"," ","(W./sq.m)","1.5"," ","(kPa)","259.6","Y","(m/s)","3","Y","(m/s)"
"212","2018-07-31","212","231","metric","93436, 93437, 93438","daily","15.3"," ","(C)","20.9"," ","(C)","11.6"," ","(C)","13.1"," ","(C)",NA,"N","(mm)","0"," ","(mm)","86"," ","(%)","99"," ","(%)","69"," ","(%)","22.8","Y","(C)","229"," ","(W./sq.m)","1.5"," ","(kPa)","281.3","R","(m/s)","3.3","R","(m/s)"
"213","2018-08-01","213","231","metric","93436, 93437, 93438","daily","15.5"," ","(C)","21.7"," ","(C)","12.5"," ","(C)","13.3"," ","(C)",NA,"N","(mm)","0"," ","(mm)","87"," ","(%)","98"," ","(%)","68"," ","(%)","22.9","Y","(C)","225"," ","(W./sq.m)","1.5"," ","(kPa)","291.5","R","(m/s)","3.4","R","(m/s)"
"214","2018-08-02","214","231","metric","93436, 93437, 93438","daily","14.8"," ","(C)","18.5","Y","(C)","12.5"," ","(C)","12.9"," ","(C)",NA,"N","(mm)","0"," ","(mm)","88"," ","(%)","98"," ","(%)","75"," ","(%)","22.9","Y","(C)","217"," ","(W./sq.m)","1.5"," ","(kPa)","307.6","R","(m/s)","3.6","R","(m/s)"
"215","2018-08-03","215","231","metric","93436, 93437, 93438","daily","14.5"," ","(C)","18.3","Y","(C)","12.4"," ","(C)","12.7"," ","(C)",NA,"N","(mm)","0"," ","(mm)","89"," ","(%)","98"," ","(%)","76"," ","(%)","22.7","Y","(C)","218"," ","(W./sq.m)","1.5"," ","(kPa)","277.4","R","(m/s)","3.2","R","(m/s)"
"216","2018-08-04","216","231","metric","93436, 93437, 93438","daily","15.8"," ","(C)","21.2"," ","(C)","10.5"," ","(C)","12.4"," ","(C)",NA,"N","(mm)","0"," ","(mm)","80"," ","(%)","99"," ","(%)","65"," ","(%)","22.8","Y","(C)","238"," ","(W./sq.m)","1.4"," ","(kPa)","250.4","Y","(m/s)","2.9","Y","(m/s)"
"217","2018-08-05","217","231","metric","93436, 93437, 93438","daily","14.6"," ","(C)","20.9"," ","(C)","8.6"," ","(C)","11.4"," ","(C)",NA,"N","(mm)","0"," ","(mm)","81"," ","(%)","93"," ","(%)","65"," ","(%)","22.6","Y","(C)","245"," ","(W./sq.m)","1.3"," ","(kPa)","269","R","(m/s)","3.1","R","(m/s)"
"218","2018-08-06","218","231","metric","93436, 93437, 93438","daily","16.5"," ","(C)","25.7"," ","(C)","7.3","Y","(C)","11"," ","(C)",NA,"N","(mm)","0"," ","(mm)","70"," ","(%)","96"," ","(%)","46"," ","(%)","22.4","Y","(C)","241"," ","(W./sq.m)","1.3"," ","(kPa)","339.3","R","(m/s)","3.9","R","(m/s)"
"219","2018-08-07","219","231","metric","93436, 93437, 93438","daily","15.6"," ","(C)","19.8","Y","(C)","10.6"," ","(C)","12.1"," ","(C)",NA,"N","(mm)","0"," ","(mm)","80"," ","(%)","94"," ","(%)","68"," ","(%)","22.4","Y","(C)","283"," ","(W./sq.m)","1.4"," ","(kPa)","337.1","R","(m/s)","3.9","R","(m/s)"
"220","2018-08-08","220","231","metric","93436, 93437, 93438","daily","14.6"," ","(C)","20.9"," ","(C)","11"," ","(C)","12.5"," ","(C)",NA,"N","(mm)","0"," ","(mm)","87"," ","(%)","99"," ","(%)","66"," ","(%)","22.4","Y","(C)","279"," ","(W./sq.m)","1.4"," ","(kPa)","255.6","Y","(m/s)","3","Y","(m/s)"
"221","2018-08-09","221","231","metric","93436, 93437, 93438","daily","14.7"," ","(C)","21.4"," ","(C)","8.5"," ","(C)","12.7"," ","(C)",NA,"N","(mm)","0"," ","(mm)","88"," ","(%)","99"," ","(%)","71"," ","(%)","22.2","Y","(C)","270"," ","(W./sq.m)","1.5"," ","(kPa)","272.3","R","(m/s)","3.2","R","(m/s)"
"222","2018-08-10","222","231","metric","93436, 93437, 93438","daily","16.3"," ","(C)","22.9"," ","(C)","11.3"," ","(C)","14"," ","(C)",NA,"N","(mm)","0.1"," ","(mm)","86"," ","(%)","100"," ","(%)","65"," ","(%)","22.4","Y","(C)","249"," ","(W./sq.m)","1.6"," ","(kPa)","237.1","Y","(m/s)","2.7","Y","(m/s)"
"223","2018-08-11","223","231","metric","93436, 93437, 93438","daily","16.1"," ","(C)","20.8"," ","(C)","11.4"," ","(C)","13.9"," ","(C)",NA,"N","(mm)","0"," ","(mm)","87"," ","(%)","99"," ","(%)","73"," ","(%)","22.6","R","(C)","264"," ","(W./sq.m)","1.6"," ","(kPa)","270.6","R","(m/s)","3.1","R","(m/s)"
"224","2018-08-12","224","231","metric","93436, 93437, 93438","daily","16.8"," ","(C)","21.8"," ","(C)","14"," ","(C)","15.2"," ","(C)",NA,"N","(mm)","0"," ","(mm)","90"," ","(%)","99"," ","(%)","75"," ","(%)","22.7","R","(C)","223"," ","(W./sq.m)","1.7"," ","(kPa)","238.3","Y","(m/s)","2.8","Y","(m/s)"
"225","2018-08-13","225","231","metric","93436, 93437, 93438","daily","16.7"," ","(C)","20.8"," ","(C)","14.5"," ","(C)","15"," ","(C)",NA,"N","(mm)","0"," ","(mm)","90"," ","(%)","99"," ","(%)","77"," ","(%)","22.9","R","(C)","229"," ","(W./sq.m)","1.7"," ","(kPa)","255.1","Y","(m/s)","3","Y","(m/s)"
"226","2018-08-14","226","231","metric","93436, 93437, 93438","daily","16.6"," ","(C)","20.1","Y","(C)","14.7","Y","(C)","14.5"," ","(C)",NA,"N","(mm)","0"," ","(mm)","87"," ","(%)","97"," ","(%)","72"," ","(%)","22.7","R","(C)","188"," ","(W./sq.m)","1.6"," ","(kPa)","276.7","R","(m/s)","3.2","R","(m/s)"
"227","2018-08-15","227","231","metric","93436, 93437, 93438","daily","17.4"," ","(C)","20.4"," ","(C)","15.6","Y","(C)","14.8"," ","(C)",NA,"N","(mm)","0"," ","(mm)","85"," ","(%)","93"," ","(%)","74"," ","(%)","22.7","R","(C)","222"," ","(W./sq.m)","1.7"," ","(kPa)","297.8","R","(m/s)","3.4","R","(m/s)"
"228","2018-08-16","228","231","metric","93436, 93437, 93438","daily","17.5"," ","(C)","21.9"," ","(C)","13.9"," ","(C)","14.9"," ","(C)",NA,"N","(mm)","0"," ","(mm)","85"," ","(%)","92"," ","(%)","70"," ","(%)",NA,"S","(C)","246"," ","(W./sq.m)","1.7"," ","(kPa)","267.8","R","(m/s)","3.1","R","(m/s)"
"229","2018-08-17","229","231","metric","93436, 93437, 93438","daily","17.1"," ","(C)","21.4"," ","(C)","13.2"," ","(C)","14.6"," ","(C)",NA,"N","(mm)","0"," ","(mm)","85"," ","(%)","95"," ","(%)","74"," ","(%)",NA,"S","(C)","251"," ","(W./sq.m)","1.7"," ","(kPa)","244.7","Y","(m/s)","2.8","Y","(m/s)"
"230","2018-08-18","230","231","metric","93436, 93437, 93438","daily","17.1"," ","(C)","20.8"," ","(C)","13.3"," ","(C)","15"," ","(C)",NA,"N","(mm)","0"," ","(mm)","87"," ","(%)","96"," ","(%)","74"," ","(%)",NA,"S","(C)","262"," ","(W./sq.m)","1.7"," ","(kPa)","259.2","R","(m/s)","3","R","(m/s)"
"231","2018-08-19","231","231","metric","93436, 93437, 93438","daily","16.7"," ","(C)","20.4"," ","(C)","14.5"," ","(C)","14.6"," ","(C)",NA,"N","(mm)","0"," ","(mm)","87"," ","(%)","98"," ","(%)","73"," ","(%)",NA,"S","(C)","251"," ","(W./sq.m)","1.7"," ","(kPa)","283.7","R","(m/s)","3.3","R","(m/s)"
"232","2018-08-20","232","231","metric","93436, 93437, 93438","daily","16.9"," ","(C)","21.3"," ","(C)","14.6"," ","(C)","14.4"," ","(C)",NA,"N","(mm)","0"," ","(mm)","85"," ","(%)","95"," ","(%)","70"," ","(%)",NA,"S","(C)","221"," ","(W./sq.m)","1.6"," ","(kPa)","252.8","R","(m/s)","2.9","R","(m/s)"
"233","2018-08-21","233","231","metric","93436, 93437, 93438","daily","16.8"," ","(C)","20.9"," ","(C)","14.8"," ","(C)","14.7"," ","(C)",NA,"N","(mm)","0.1"," ","(mm)","87"," ","(%)","98"," ","(%)","72"," ","(%)",NA,"S","(C)","164"," ","(W./sq.m)","1.7"," ","(kPa)","232.2","Y","(m/s)","2.7","Y","(m/s)"
"234","2018-08-22","234","231","metric","93436, 93437, 93438","daily","17.3"," ","(C)","21.8"," ","(C)","12.1"," ","(C)","14"," ","(C)",NA,"N","(mm)","0"," ","(mm)","81"," ","(%)","94"," ","(%)","64"," ","(%)","22.7","R","(C)","214"," ","(W./sq.m)","1.6"," ","(kPa)","225.6","Y","(m/s)","2.6","Y","(m/s)"
"235","2018-08-23","235","231","metric","93436, 93437, 93438","daily","17"," ","(C)","22"," ","(C)","10.8"," ","(C)","13.7"," ","(C)",NA,"N","(mm)","0"," ","(mm)","81"," ","(%)","94"," ","(%)","65"," ","(%)","22.7","R","(C)","248"," ","(W./sq.m)","1.6"," ","(kPa)","260.6","R","(m/s)","3","R","(m/s)"
"236","2018-08-24","236","231","metric","93436, 93437, 93438","daily","16.6"," ","(C)","21.4"," ","(C)","10.5"," ","(C)","13.4"," ","(C)",NA,"N","(mm)","0"," ","(mm)","81"," ","(%)","95"," ","(%)","69"," ","(%)","22.4","R","(C)","218"," ","(W./sq.m)","1.5"," ","(kPa)","261.6","R","(m/s)","3","R","(m/s)"
"237","2018-08-25","237","231","metric","93436, 93437, 93438","daily","16.8"," ","(C)","21.1"," ","(C)","13"," ","(C)","13.8"," ","(C)",NA,"N","(mm)","0"," ","(mm)","83"," ","(%)","91"," ","(%)","69"," ","(%)","22.3","R","(C)","224"," ","(W./sq.m)","1.6"," ","(kPa)","253","R","(m/s)","2.9","R","(m/s)"
"238","2018-08-26","238","231","metric","93436, 93437, 93438","daily","16.7"," ","(C)","20.7"," ","(C)","13.7"," ","(C)","12.9"," ","(C)",NA,"N","(mm)","0"," ","(mm)","78"," ","(%)","90"," ","(%)","64"," ","(%)",NA,"S","(C)","264"," ","(W./sq.m)","1.5"," ","(kPa)","254.4","R","(m/s)","2.9","R","(m/s)"
"239","2018-08-27","239","231","metric","93436, 93437, 93438","daily","17.2"," ","(C)","21.5"," ","(C)","15"," ","(C)","13.2"," ","(C)",NA,"N","(mm)","0"," ","(mm)","77"," ","(%)","85"," ","(%)","62"," ","(%)",NA,"S","(C)","228"," ","(W./sq.m)","1.5"," ","(kPa)","274.9","R","(m/s)","3.2","R","(m/s)"
"240","2018-08-28","240","231","metric","93436, 93437, 93438","daily","17.2"," ","(C)","21.3"," ","(C)","12.1"," ","(C)","13.7"," ","(C)",NA,"N","(mm)","0"," ","(mm)","80"," ","(%)","93"," ","(%)","65"," ","(%)",NA,"S","(C)","189"," ","(W./sq.m)","1.6"," ","(kPa)","283.8","R","(m/s)","3.3","R","(m/s)"
"241","2018-08-29","241","231","metric","93436, 93437, 93438","daily","16.4"," ","(C)","23.6"," ","(C)","8.5"," ","(C)","12.2"," ","(C)",NA,"N","(mm)","0"," ","(mm)","76"," ","(%)","96"," ","(%)","55"," ","(%)","22.2","R","(C)","279"," ","(W./sq.m)","1.4"," ","(kPa)","247.5","R","(m/s)","2.9","R","(m/s)"
"242","2018-08-30","242","231","metric","93436, 93437, 93438","daily","16.7"," ","(C)","23.5"," ","(C)","8.2"," ","(C)","13.1"," ","(C)",NA,"N","(mm)","0"," ","(mm)","79"," ","(%)","96"," ","(%)","61"," ","(%)","22.2","R","(C)","263"," ","(W./sq.m)","1.5"," ","(kPa)","315.2","R","(m/s)","3.6","R","(m/s)"
