transect,row,time,week,julian,Thomisidae (crab spider),position
oakMargin,79,pm,23,156,0,1
oakMargin,79,pm,23,156,0,2
oakMargin,79,pm,23,156,0,3
oakMargin,79,pm,23,156,0,4
oakMargin,79,pm,23,156,0,5
oakMargin,79,pm,23,156,0,6
oakMargin,79,pm,23,156,1,7
oakMargin,79,pm,23,156,0,8
oakMargin,79,pm,23,156,1,9
oakMargin,79,pm,23,156,0,10
oakMargin,81,pm,23,156,0,1
oakMargin,81,pm,23,156,0,2
oakMargin,81,pm,23,156,0,3
oakMargin,81,pm,23,156,0,4
oakMargin,81,pm,23,156,1,5
oakMargin,81,pm,23,156,0,6
oakMargin,81,pm,23,156,0,7
oakMargin,81,pm,23,156,1,8
oakMargin,81,pm,23,156,0,9
oakMargin,81,pm,23,156,0,10
oakMargin,83,pm,23,156,0,1
oakMargin,83,pm,23,156,0,2
oakMargin,83,pm,23,156,0,3
oakMargin,83,pm,23,156,0,4
oakMargin,83,pm,23,156,1,5
oakMargin,83,pm,23,156,0,6
oakMargin,83,pm,23,156,0,7
oakMargin,83,pm,23,156,0,8
oakMargin,83,pm,23,156,0,9
oakMargin,83,pm,23,156,0,10
control,48,pm,23,156,0,1
control,48,pm,23,156,0,2
control,48,pm,23,156,1,3
control,48,pm,23,156,0,4
control,48,pm,23,156,0,5
control,48,pm,23,156,0,6
control,48,pm,23,156,0,7
control,48,pm,23,156,0,8
control,48,pm,23,156,0,9
control,48,pm,23,156,2,10
control,50,pm,23,156,0,1
control,50,pm,23,156,0,2
control,50,pm,23,156,0,3
control,50,pm,23,156,0,4
control,50,pm,23,156,0,5
control,50,pm,23,156,0,6
control,50,pm,23,156,1,7
control,50,pm,23,156,1,8
control,50,pm,23,156,0,9
control,50,pm,23,156,0,10
control,52,pm,23,156,0,1
control,52,pm,23,156,0,2
control,52,pm,23,156,0,3
control,52,pm,23,156,0,4
control,52,pm,23,156,1,5
control,52,pm,23,156,0,6
control,52,pm,23,156,0,7
control,52,pm,23,156,0,8
control,52,pm,23,156,0,9
control,52,pm,23,156,0,10
control,48,am,23,157,0,1
control,48,am,23,157,0,2
control,48,am,23,157,1,3
control,48,am,23,157,0,4
control,48,am,23,157,0,5
control,48,am,23,157,0,6
control,48,am,23,157,0,7
control,48,am,23,157,1,8
control,48,am,23,157,0,9
control,48,am,23,157,0,10
control,50,am,23,157,0,1
control,50,am,23,157,0,2
control,50,am,23,157,0,3
control,50,am,23,157,0,4
control,50,am,23,157,0,5
control,50,am,23,157,0,6
control,50,am,23,157,0,7
control,50,am,23,157,0,8
control,50,am,23,157,0,9
control,50,am,23,157,0,10
control,52,am,23,157,0,1
control,52,am,23,157,0,2
control,52,am,23,157,0,3
control,52,am,23,157,0,4
control,52,am,23,157,0,5
control,52,am,23,157,0,6
control,52,am,23,157,0,7
control,52,am,23,157,1,8
control,52,am,23,157,0,9
control,52,am,23,157,0,10
oakMargin,79,am,23,157,0,1
oakMargin,79,am,23,157,1,2
oakMargin,79,am,23,157,0,3
oakMargin,79,am,23,157,0,4
oakMargin,79,am,23,157,0,5
oakMargin,79,am,23,157,0,6
oakMargin,79,am,23,157,1,7
oakMargin,79,am,23,157,0,8
oakMargin,79,am,23,157,0,9
oakMargin,79,am,23,157,0,10
oakMargin,81,am,23,157,0,1
oakMargin,81,am,23,157,0,2
oakMargin,81,am,23,157,0,3
oakMargin,81,am,23,157,0,4
oakMargin,81,am,23,157,0,5
oakMargin,81,am,23,157,0,6
oakMargin,81,am,23,157,1,7
oakMargin,81,am,23,157,0,8
oakMargin,81,am,23,157,0,9
oakMargin,81,am,23,157,0,10
oakMargin,83,am,23,157,0,1
oakMargin,83,am,23,157,0,2
oakMargin,83,am,23,157,0,3
oakMargin,83,am,23,157,0,4
oakMargin,83,am,23,157,0,5
oakMargin,83,am,23,157,0,6
oakMargin,83,am,23,157,0,7
oakMargin,83,am,23,157,0,8
oakMargin,83,am,23,157,0,9
oakMargin,83,am,23,157,0,10
oakMargin,79,pm,23,157,0,1
oakMargin,79,pm,23,157,0,2
oakMargin,79,pm,23,157,0,3
oakMargin,79,pm,23,157,0,4
oakMargin,79,pm,23,157,2,5
oakMargin,79,pm,23,157,0,6
oakMargin,79,pm,23,157,1,7
oakMargin,79,pm,23,157,0,8
oakMargin,79,pm,23,157,0,9
oakMargin,79,pm,23,157,0,10
oakMargin,81,pm,23,157,0,1
oakMargin,81,pm,23,157,0,2
oakMargin,81,pm,23,157,0,3
oakMargin,81,pm,23,157,1,4
oakMargin,81,pm,23,157,1,5
oakMargin,81,pm,23,157,0,6
oakMargin,81,pm,23,157,0,7
oakMargin,81,pm,23,157,0,8
oakMargin,81,pm,23,157,1,9
oakMargin,81,pm,23,157,0,10
oakMargin,83,pm,23,157,0,1
oakMargin,83,pm,23,157,0,2
oakMargin,83,pm,23,157,1,3
oakMargin,83,pm,23,157,0,4
oakMargin,83,pm,23,157,0,5
oakMargin,83,pm,23,157,0,6
oakMargin,83,pm,23,157,0,7
oakMargin,83,pm,23,157,0,8
oakMargin,83,pm,23,157,0,9
oakMargin,83,pm,23,157,0,10
control,48,pm,23,157,0,1
control,48,pm,23,157,0,2
control,48,pm,23,157,1,3
control,48,pm,23,157,2,4
control,48,pm,23,157,0,5
control,48,pm,23,157,0,6
control,48,pm,23,157,1,7
control,48,pm,23,157,1,8
control,48,pm,23,157,0,9
control,48,pm,23,157,0,10
control,50,pm,23,157,0,1
control,50,pm,23,157,0,2
control,50,pm,23,157,0,3
control,50,pm,23,157,1,4
control,50,pm,23,157,0,5
control,50,pm,23,157,0,6
control,50,pm,23,157,1,7
control,50,pm,23,157,0,8
control,50,pm,23,157,0,9
control,50,pm,23,157,0,10
control,52,pm,23,157,0,1
control,52,pm,23,157,0,2
control,52,pm,23,157,0,3
control,52,pm,23,157,1,4
control,52,pm,23,157,0,5
control,52,pm,23,157,2,6
control,52,pm,23,157,0,7
control,52,pm,23,157,0,8
control,52,pm,23,157,0,9
control,52,pm,23,157,1,10
control,48,pm,23,158,1,1
control,48,pm,23,158,2,2
control,48,pm,23,158,1,3
control,48,pm,23,158,0,4
control,48,pm,23,158,0,5
control,48,pm,23,158,2,6
control,48,pm,23,158,3,7
control,48,pm,23,158,1,8
control,48,pm,23,158,0,9
control,48,pm,23,158,1,10
control,50,pm,23,158,0,1
control,50,pm,23,158,0,2
control,50,pm,23,158,1,3
control,50,pm,23,158,1,4
control,50,pm,23,158,0,5
control,50,pm,23,158,1,6
control,50,pm,23,158,0,7
control,50,pm,23,158,0,8
control,50,pm,23,158,0,9
control,50,pm,23,158,0,10
control,52,pm,23,158,0,1
control,52,pm,23,158,1,2
control,52,pm,23,158,0,3
control,52,pm,23,158,0,4
control,52,pm,23,158,0,5
control,52,pm,23,158,0,6
control,52,pm,23,158,0,7
control,52,pm,23,158,2,8
control,52,pm,23,158,1,9
control,52,pm,23,158,0,10
oakMargin,79,pm,23,158,0,1
oakMargin,79,pm,23,158,1,2
oakMargin,79,pm,23,158,1,3
oakMargin,79,pm,23,158,0,4
oakMargin,79,pm,23,158,0,5
oakMargin,79,pm,23,158,0,6
oakMargin,79,pm,23,158,1,7
oakMargin,79,pm,23,158,2,8
oakMargin,79,pm,23,158,1,9
oakMargin,79,pm,23,158,0,10
oakMargin,81,pm,23,158,1,1
oakMargin,81,pm,23,158,0,2
oakMargin,81,pm,23,158,0,3
oakMargin,81,pm,23,158,2,4
oakMargin,81,pm,23,158,0,5
oakMargin,81,pm,23,158,0,6
oakMargin,81,pm,23,158,0,7
oakMargin,81,pm,23,158,0,8
oakMargin,81,pm,23,158,0,9
oakMargin,81,pm,23,158,0,10
oakMargin,83,pm,23,158,0,1
oakMargin,83,pm,23,158,2,2
oakMargin,83,pm,23,158,0,3
oakMargin,83,pm,23,158,0,4
oakMargin,83,pm,23,158,0,5
oakMargin,83,pm,23,158,0,6
oakMargin,83,pm,23,158,0,7
oakMargin,83,pm,23,158,0,8
oakMargin,83,pm,23,158,1,9
oakMargin,83,pm,23,158,3,10
control,48,am,23,158,0,1
control,48,am,23,158,1,2
control,48,am,23,158,0,3
control,48,am,23,158,0,4
control,48,am,23,158,0,5
control,48,am,23,158,0,6
control,48,am,23,158,0,7
control,48,am,23,158,1,8
control,48,am,23,158,0,9
control,48,am,23,158,0,10
control,50,am,23,158,0,1
control,50,am,23,158,0,2
control,50,am,23,158,0,3
control,50,am,23,158,1,4
control,50,am,23,158,0,5
control,50,am,23,158,1,6
control,50,am,23,158,0,7
control,50,am,23,158,0,8
control,50,am,23,158,0,9
control,50,am,23,158,0,10
control,52,am,23,158,0,1
control,52,am,23,158,1,2
control,52,am,23,158,0,3
control,52,am,23,158,0,4
control,52,am,23,158,0,5
control,52,am,23,158,0,6
control,52,am,23,158,1,7
control,52,am,23,158,0,8
control,52,am,23,158,0,9
control,52,am,23,158,1,10
oakMargin,79,am,23,158,0,1
oakMargin,79,am,23,158,1,2
oakMargin,79,am,23,158,0,3
oakMargin,79,am,23,158,0,4
oakMargin,79,am,23,158,0,5
oakMargin,79,am,23,158,0,6
oakMargin,79,am,23,158,2,7
oakMargin,79,am,23,158,0,8
oakMargin,79,am,23,158,0,9
oakMargin,79,am,23,158,1,10
oakMargin,81,am,23,158,1,1
oakMargin,81,am,23,158,1,2
oakMargin,81,am,23,158,0,3
oakMargin,81,am,23,158,0,4
oakMargin,81,am,23,158,0,5
oakMargin,81,am,23,158,0,6
oakMargin,81,am,23,158,0,7
oakMargin,81,am,23,158,0,8
oakMargin,81,am,23,158,0,9
oakMargin,81,am,23,158,0,10
oakMargin,83,am,23,158,0,1
oakMargin,83,am,23,158,0,2
oakMargin,83,am,23,158,0,3
oakMargin,83,am,23,158,0,4
oakMargin,83,am,23,158,0,5
oakMargin,83,am,23,158,0,6
oakMargin,83,am,23,158,0,7
oakMargin,83,am,23,158,0,8
oakMargin,83,am,23,158,0,9
oakMargin,83,am,23,158,0,10
control,47,pm,24,162,1,1
control,47,pm,24,162,0,2
control,47,pm,24,162,1,3
control,47,pm,24,162,0,4
control,47,pm,24,162,4,5
control,47,pm,24,162,0,6
control,47,pm,24,162,2,7
control,47,pm,24,162,0,8
control,47,pm,24,162,2,9
control,47,pm,24,162,1,10
control,49,pm,24,162,0,1
control,49,pm,24,162,0,2
control,49,pm,24,162,2,3
control,49,pm,24,162,0,4
control,49,pm,24,162,0,5
control,49,pm,24,162,1,6
control,49,pm,24,162,0,7
control,49,pm,24,162,1,8
control,49,pm,24,162,0,9
control,49,pm,24,162,0,10
control,51,pm,24,162,0,1
control,51,pm,24,162,0,2
control,51,pm,24,162,0,3
control,51,pm,24,162,0,4
control,51,pm,24,162,0,5
control,51,pm,24,162,3,6
control,51,pm,24,162,2,7
control,51,pm,24,162,2,8
control,51,pm,24,162,2,9
control,51,pm,24,162,1,10
oakMargin,80,pm,24,162,1,1
oakMargin,80,pm,24,162,0,2
oakMargin,80,pm,24,162,0,3
oakMargin,80,pm,24,162,0,4
oakMargin,80,pm,24,162,2,5
oakMargin,80,pm,24,162,1,6
oakMargin,80,pm,24,162,1,7
oakMargin,80,pm,24,162,3,8
oakMargin,80,pm,24,162,1,9
oakMargin,80,pm,24,162,0,10
oakMargin,82,pm,24,162,0,1
oakMargin,82,pm,24,162,0,2
oakMargin,82,pm,24,162,0,3
oakMargin,82,pm,24,162,0,4
oakMargin,82,pm,24,162,2,5
oakMargin,82,pm,24,162,0,6
oakMargin,82,pm,24,162,0,7
oakMargin,82,pm,24,162,0,8
oakMargin,82,pm,24,162,2,9
oakMargin,82,pm,24,162,0,10
oakMargin,84,pm,24,162,0,1
oakMargin,84,pm,24,162,1,2
oakMargin,84,pm,24,162,0,3
oakMargin,84,pm,24,162,1,4
oakMargin,84,pm,24,162,1,5
oakMargin,84,pm,24,162,0,6
oakMargin,84,pm,24,162,1,7
oakMargin,84,pm,24,162,0,8
oakMargin,84,pm,24,162,0,9
oakMargin,84,pm,24,162,2,10
control,47,am,24,162,1,1
control,47,am,24,162,0,2
control,47,am,24,162,0,3
control,47,am,24,162,1,4
control,47,am,24,162,0,5
control,47,am,24,162,0,6
control,47,am,24,162,0,7
control,47,am,24,162,1,8
control,47,am,24,162,0,9
control,47,am,24,162,0,10
control,49,am,24,162,0,1
control,49,am,24,162,0,2
control,49,am,24,162,1,3
control,49,am,24,162,0,4
control,49,am,24,162,1,5
control,49,am,24,162,0,6
control,49,am,24,162,0,7
control,49,am,24,162,0,8
control,49,am,24,162,1,9
control,49,am,24,162,0,10
control,51,am,24,162,0,1
control,51,am,24,162,0,2
control,51,am,24,162,0,3
control,51,am,24,162,0,4
control,51,am,24,162,0,5
control,51,am,24,162,0,6
control,51,am,24,162,0,7
control,51,am,24,162,0,8
control,51,am,24,162,0,9
control,51,am,24,162,0,10
oakMargin,80,am,24,162,0,1
oakMargin,80,am,24,162,1,2
oakMargin,80,am,24,162,1,3
oakMargin,80,am,24,162,0,4
oakMargin,80,am,24,162,0,5
oakMargin,80,am,24,162,0,6
oakMargin,80,am,24,162,0,7
oakMargin,80,am,24,162,0,8
oakMargin,80,am,24,162,0,9
oakMargin,80,am,24,162,0,10
oakMargin,82,am,24,162,0,1
oakMargin,82,am,24,162,0,2
oakMargin,82,am,24,162,0,3
oakMargin,82,am,24,162,0,4
oakMargin,82,am,24,162,0,5
oakMargin,82,am,24,162,0,6
oakMargin,82,am,24,162,2,7
oakMargin,82,am,24,162,0,8
oakMargin,82,am,24,162,0,9
oakMargin,82,am,24,162,0,10
oakMargin,84,am,24,162,2,1
oakMargin,84,am,24,162,0,2
oakMargin,84,am,24,162,0,3
oakMargin,84,am,24,162,0,4
oakMargin,84,am,24,162,1,5
oakMargin,84,am,24,162,0,6
oakMargin,84,am,24,162,0,7
oakMargin,84,am,24,162,1,8
oakMargin,84,am,24,162,0,9
oakMargin,84,am,24,162,0,10
control,47,pm,24,163,0,1
control,47,pm,24,163,0,2
control,47,pm,24,163,1,3
control,47,pm,24,163,1,4
control,47,pm,24,163,0,5
control,47,pm,24,163,1,6
control,47,pm,24,163,2,7
control,47,pm,24,163,0,8
control,47,pm,24,163,1,9
control,47,pm,24,163,3,10
control,49,pm,24,163,2,1
control,49,pm,24,163,0,2
control,49,pm,24,163,0,3
control,49,pm,24,163,1,4
control,49,pm,24,163,2,5
control,49,pm,24,163,0,6
control,49,pm,24,163,0,7
control,49,pm,24,163,0,8
control,49,pm,24,163,2,9
control,49,pm,24,163,3,10
control,51,pm,24,163,3,1
control,51,pm,24,163,1,2
control,51,pm,24,163,2,3
control,51,pm,24,163,0,4
control,51,pm,24,163,0,5
control,51,pm,24,163,0,6
control,51,pm,24,163,2,7
control,51,pm,24,163,1,8
control,51,pm,24,163,1,9
control,51,pm,24,163,2,10
oakMargin,80,am,24,163,0,1
oakMargin,80,am,24,163,1,2
oakMargin,80,am,24,163,0,3
oakMargin,80,am,24,163,0,4
oakMargin,80,am,24,163,1,5
oakMargin,80,am,24,163,0,6
oakMargin,80,am,24,163,1,7
oakMargin,80,am,24,163,0,8
oakMargin,80,am,24,163,1,9
oakMargin,80,am,24,163,0,10
oakMargin,82,am,24,163,0,1
oakMargin,82,am,24,163,0,2
oakMargin,82,am,24,163,0,3
oakMargin,82,am,24,163,1,4
oakMargin,82,am,24,163,0,5
oakMargin,82,am,24,163,0,6
oakMargin,82,am,24,163,3,7
oakMargin,82,am,24,163,1,8
oakMargin,82,am,24,163,0,9
oakMargin,82,am,24,163,0,10
oakMargin,84,am,24,163,1,1
oakMargin,84,am,24,163,0,2
oakMargin,84,am,24,163,0,3
oakMargin,84,am,24,163,0,4
oakMargin,84,am,24,163,1,5
oakMargin,84,am,24,163,3,6
oakMargin,84,am,24,163,2,7
oakMargin,84,am,24,163,0,8
oakMargin,84,am,24,163,0,9
oakMargin,84,am,24,163,2,10
control,47,am,24,163,0,1
control,47,am,24,163,0,2
control,47,am,24,163,0,3
control,47,am,24,163,1,4
control,47,am,24,163,1,5
control,47,am,24,163,0,6
control,47,am,24,163,1,7
control,47,am,24,163,0,8
control,47,am,24,163,0,9
control,47,am,24,163,1,10
control,49,am,24,163,0,1
control,49,am,24,163,2,2
control,49,am,24,163,1,3
control,49,am,24,163,0,4
control,49,am,24,163,0,5
control,49,am,24,163,0,6
control,49,am,24,163,0,7
control,49,am,24,163,0,8
control,49,am,24,163,0,9
control,49,am,24,163,3,10
control,51,am,24,163,0,1
control,51,am,24,163,0,2
control,51,am,24,163,1,3
control,51,am,24,163,1,4
control,51,am,24,163,0,5
control,51,am,24,163,0,6
control,51,am,24,163,0,7
control,51,am,24,163,0,8
control,51,am,24,163,3,9
control,51,am,24,163,0,10
oakMargin,80,pm,24,163,1,1
oakMargin,80,pm,24,163,3,2
oakMargin,80,pm,24,163,2,3
oakMargin,80,pm,24,163,1,4
oakMargin,80,pm,24,163,0,5
oakMargin,80,pm,24,163,1,6
oakMargin,80,pm,24,163,1,7
oakMargin,80,pm,24,163,1,8
oakMargin,80,pm,24,163,1,9
oakMargin,80,pm,24,163,2,10
oakMargin,82,pm,24,163,1,1
oakMargin,82,pm,24,163,0,2
oakMargin,82,pm,24,163,1,3
oakMargin,82,pm,24,163,0,4
oakMargin,82,pm,24,163,0,5
oakMargin,82,pm,24,163,0,6
oakMargin,82,pm,24,163,1,7
oakMargin,82,pm,24,163,3,8
oakMargin,82,pm,24,163,3,9
oakMargin,82,pm,24,163,1,10
oakMargin,84,pm,24,163,4,1
oakMargin,84,pm,24,163,2,2
oakMargin,84,pm,24,163,0,3
oakMargin,84,pm,24,163,0,4
oakMargin,84,pm,24,163,0,5
oakMargin,84,pm,24,163,0,6
oakMargin,84,pm,24,163,0,7
oakMargin,84,pm,24,163,0,8
oakMargin,84,pm,24,163,1,9
oakMargin,84,pm,24,163,0,10
control,47,pm,24,164,2,1
control,47,pm,24,164,4,2
control,47,pm,24,164,4,3
control,47,pm,24,164,0,4
control,47,pm,24,164,2,5
control,47,pm,24,164,1,6
control,47,pm,24,164,1,7
control,47,pm,24,164,1,8
control,47,pm,24,164,4,9
control,47,pm,24,164,3,10
control,49,pm,24,164,0,1
control,49,pm,24,164,0,2
control,49,pm,24,164,0,3
control,49,pm,24,164,1,4
control,49,pm,24,164,1,5
control,49,pm,24,164,1,6
control,49,pm,24,164,1,7
control,49,pm,24,164,0,8
control,49,pm,24,164,1,9
control,49,pm,24,164,2,10
control,51,pm,24,164,0,1
control,51,pm,24,164,1,2
control,51,pm,24,164,0,3
control,51,pm,24,164,0,4
control,51,pm,24,164,1,5
control,51,pm,24,164,0,6
control,51,pm,24,164,0,7
control,51,pm,24,164,0,8
control,51,pm,24,164,1,9
control,51,pm,24,164,0,10
oakMargin,80,am,24,164,1,1
oakMargin,80,am,24,164,1,2
oakMargin,80,am,24,164,1,3
oakMargin,80,am,24,164,1,4
oakMargin,80,am,24,164,1,5
oakMargin,80,am,24,164,0,6
oakMargin,80,am,24,164,2,7
oakMargin,80,am,24,164,1,8
oakMargin,80,am,24,164,0,9
oakMargin,80,am,24,164,0,10
oakMargin,82,am,24,164,0,1
oakMargin,82,am,24,164,0,2
oakMargin,82,am,24,164,1,3
oakMargin,82,am,24,164,0,4
oakMargin,82,am,24,164,0,5
oakMargin,82,am,24,164,1,6
oakMargin,82,am,24,164,1,7
oakMargin,82,am,24,164,1,8
oakMargin,82,am,24,164,0,9
oakMargin,82,am,24,164,1,10
oakMargin,84,am,24,164,1,1
oakMargin,84,am,24,164,1,2
oakMargin,84,am,24,164,0,3
oakMargin,84,am,24,164,2,4
oakMargin,84,am,24,164,0,5
oakMargin,84,am,24,164,0,6
oakMargin,84,am,24,164,1,7
oakMargin,84,am,24,164,2,8
oakMargin,84,am,24,164,0,9
oakMargin,84,am,24,164,1,10
control,47,am,24,164,1,1
control,47,am,24,164,0,2
control,47,am,24,164,0,3
control,47,am,24,164,2,4
control,47,am,24,164,1,5
control,47,am,24,164,0,6
control,47,am,24,164,0,7
control,47,am,24,164,1,8
control,47,am,24,164,4,9
control,47,am,24,164,0,10
control,49,am,24,164,1,1
control,49,am,24,164,0,2
control,49,am,24,164,0,3
control,49,am,24,164,0,4
control,49,am,24,164,0,5
control,49,am,24,164,1,6
control,49,am,24,164,0,7
control,49,am,24,164,0,8
control,49,am,24,164,1,9
control,49,am,24,164,0,10
control,51,am,24,164,0,1
control,51,am,24,164,0,2
control,51,am,24,164,1,3
control,51,am,24,164,0,4
control,51,am,24,164,0,5
control,51,am,24,164,1,6
control,51,am,24,164,0,7
control,51,am,24,164,1,8
control,51,am,24,164,0,9
control,51,am,24,164,2,10
oakMargin,80,pm,24,164,0,1
oakMargin,80,pm,24,164,0,2
oakMargin,80,pm,24,164,0,3
oakMargin,80,pm,24,164,0,4
oakMargin,80,pm,24,164,0,5
oakMargin,80,pm,24,164,2,6
oakMargin,80,pm,24,164,1,7
oakMargin,80,pm,24,164,1,8
oakMargin,80,pm,24,164,2,9
oakMargin,80,pm,24,164,1,10
oakMargin,82,pm,24,164,1,1
oakMargin,82,pm,24,164,1,2
oakMargin,82,pm,24,164,1,3
oakMargin,82,pm,24,164,0,4
oakMargin,82,pm,24,164,1,5
oakMargin,82,pm,24,164,0,6
oakMargin,82,pm,24,164,2,7
oakMargin,82,pm,24,164,1,8
oakMargin,82,pm,24,164,4,9
oakMargin,82,pm,24,164,0,10
oakMargin,84,pm,24,164,2,1
oakMargin,84,pm,24,164,2,2
oakMargin,84,pm,24,164,2,3
oakMargin,84,pm,24,164,0,4
oakMargin,84,pm,24,164,1,5
oakMargin,84,pm,24,164,1,6
oakMargin,84,pm,24,164,0,7
oakMargin,84,pm,24,164,0,8
oakMargin,84,pm,24,164,0,9
oakMargin,84,pm,24,164,0,10
control,45,pm,25,170,1,1
control,45,pm,25,170,1,2
control,45,pm,25,170,0,3
control,45,pm,25,170,0,4
control,45,pm,25,170,2,5
control,45,pm,25,170,2,6
control,45,pm,25,170,0,7
control,45,pm,25,170,0,8
control,45,pm,25,170,0,9
control,45,pm,25,170,0,10
control,47,pm,25,170,0,1
control,47,pm,25,170,0,2
control,47,pm,25,170,1,3
control,47,pm,25,170,0,4
control,47,pm,25,170,1,5
control,47,pm,25,170,1,6
control,47,pm,25,170,1,7
control,47,pm,25,170,0,8
control,47,pm,25,170,0,9
control,47,pm,25,170,0,10
control,49,pm,25,170,0,1
control,49,pm,25,170,1,2
control,49,pm,25,170,0,3
control,49,pm,25,170,0,4
control,49,pm,25,170,2,5
control,49,pm,25,170,0,6
control,49,pm,25,170,0,7
control,49,pm,25,170,0,8
control,49,pm,25,170,0,9
control,49,pm,25,170,0,10
control,45,am,25,170,0,1
control,45,am,25,170,0,2
control,45,am,25,170,0,3
control,45,am,25,170,0,4
control,45,am,25,170,0,5
control,45,am,25,170,0,6
control,45,am,25,170,0,7
control,45,am,25,170,0,8
control,45,am,25,170,0,9
control,45,am,25,170,1,10
control,47,am,25,170,0,1
control,47,am,25,170,0,2
control,47,am,25,170,0,3
control,47,am,25,170,0,4
control,47,am,25,170,0,5
control,47,am,25,170,0,6
control,47,am,25,170,0,7
control,47,am,25,170,1,8
control,47,am,25,170,0,9
control,47,am,25,170,0,10
control,49,am,25,170,0,1
control,49,am,25,170,0,2
control,49,am,25,170,0,3
control,49,am,25,170,0,4
control,49,am,25,170,0,5
control,49,am,25,170,0,6
control,49,am,25,170,0,7
control,49,am,25,170,1,8
control,49,am,25,170,0,9
control,49,am,25,170,0,10
oakMargin,81,pm,25,170,0,1
oakMargin,81,pm,25,170,1,2
oakMargin,81,pm,25,170,0,3
oakMargin,81,pm,25,170,0,4
oakMargin,81,pm,25,170,0,5
oakMargin,81,pm,25,170,1,6
oakMargin,81,pm,25,170,0,7
oakMargin,81,pm,25,170,0,8
oakMargin,81,pm,25,170,0,9
oakMargin,81,pm,25,170,0,10
oakMargin,83,pm,25,170,0,1
oakMargin,83,pm,25,170,0,2
oakMargin,83,pm,25,170,0,3
oakMargin,83,pm,25,170,0,4
oakMargin,83,pm,25,170,0,5
oakMargin,83,pm,25,170,0,6
oakMargin,83,pm,25,170,0,7
oakMargin,83,pm,25,170,0,8
oakMargin,83,pm,25,170,0,9
oakMargin,83,pm,25,170,0,10
oakMargin,85,pm,25,170,0,1
oakMargin,85,pm,25,170,0,2
oakMargin,85,pm,25,170,0,3
oakMargin,85,pm,25,170,1,4
oakMargin,85,pm,25,170,0,5
oakMargin,85,pm,25,170,0,6
oakMargin,85,pm,25,170,0,7
oakMargin,85,pm,25,170,0,8
oakMargin,85,pm,25,170,0,9
oakMargin,85,pm,25,170,0,10
oakMargin,81,am,25,170,0,1
oakMargin,81,am,25,170,0,2
oakMargin,81,am,25,170,0,3
oakMargin,81,am,25,170,0,4
oakMargin,81,am,25,170,0,5
oakMargin,81,am,25,170,0,6
oakMargin,81,am,25,170,0,7
oakMargin,81,am,25,170,0,8
oakMargin,81,am,25,170,0,9
oakMargin,81,am,25,170,0,10
oakMargin,83,am,25,170,0,1
oakMargin,83,am,25,170,0,2
oakMargin,83,am,25,170,0,3
oakMargin,83,am,25,170,0,4
oakMargin,83,am,25,170,0,5
oakMargin,83,am,25,170,0,6
oakMargin,83,am,25,170,0,7
oakMargin,83,am,25,170,0,8
oakMargin,83,am,25,170,0,9
oakMargin,83,am,25,170,0,10
oakMargin,85,am,25,170,0,1
oakMargin,85,am,25,170,1,2
oakMargin,85,am,25,170,0,3
oakMargin,85,am,25,170,0,4
oakMargin,85,am,25,170,1,5
oakMargin,85,am,25,170,0,6
oakMargin,85,am,25,170,2,7
oakMargin,85,am,25,170,1,8
oakMargin,85,am,25,170,0,9
oakMargin,85,am,25,170,0,10
control,45,am,25,171,0,1
control,45,am,25,171,0,2
control,45,am,25,171,0,3
control,45,am,25,171,0,4
control,45,am,25,171,0,5
control,45,am,25,171,0,6
control,45,am,25,171,0,7
control,45,am,25,171,0,8
control,45,am,25,171,0,9
control,45,am,25,171,0,10
control,47,am,25,171,0,1
control,47,am,25,171,1,2
control,47,am,25,171,0,3
control,47,am,25,171,0,4
control,47,am,25,171,2,5
control,47,am,25,171,0,6
control,47,am,25,171,0,7
control,47,am,25,171,0,8
control,47,am,25,171,0,9
control,47,am,25,171,0,10
control,49,am,25,171,1,1
control,49,am,25,171,1,2
control,49,am,25,171,0,3
control,49,am,25,171,0,4
control,49,am,25,171,0,5
control,49,am,25,171,0,6
control,49,am,25,171,0,7
control,49,am,25,171,0,8
control,49,am,25,171,0,9
control,49,am,25,171,0,10
oakMargin,81,am,25,171,0,1
oakMargin,81,am,25,171,0,2
oakMargin,81,am,25,171,0,3
oakMargin,81,am,25,171,0,4
oakMargin,81,am,25,171,0,5
oakMargin,81,am,25,171,0,6
oakMargin,81,am,25,171,0,7
oakMargin,81,am,25,171,0,8
oakMargin,81,am,25,171,1,9
oakMargin,81,am,25,171,1,10
oakMargin,83,am,25,171,0,1
oakMargin,83,am,25,171,0,2
oakMargin,83,am,25,171,0,3
oakMargin,83,am,25,171,0,4
oakMargin,83,am,25,171,1,5
oakMargin,83,am,25,171,0,6
oakMargin,83,am,25,171,0,7
oakMargin,83,am,25,171,0,8
oakMargin,83,am,25,171,0,9
oakMargin,83,am,25,171,3,10
oakMargin,85,am,25,171,0,1
oakMargin,85,am,25,171,0,2
oakMargin,85,am,25,171,0,3
oakMargin,85,am,25,171,2,4
oakMargin,85,am,25,171,1,5
oakMargin,85,am,25,171,0,6
oakMargin,85,am,25,171,1,7
oakMargin,85,am,25,171,1,8
oakMargin,85,am,25,171,0,9
oakMargin,85,am,25,171,0,10
oakMargin,81,pm,25,171,0,1
oakMargin,81,pm,25,171,0,2
oakMargin,81,pm,25,171,0,3
oakMargin,81,pm,25,171,0,4
oakMargin,81,pm,25,171,0,5
oakMargin,81,pm,25,171,0,6
oakMargin,81,pm,25,171,0,7
oakMargin,81,pm,25,171,0,8
oakMargin,81,pm,25,171,0,9
oakMargin,81,pm,25,171,0,10
oakMargin,83,pm,25,171,0,1
oakMargin,83,pm,25,171,2,2
oakMargin,83,pm,25,171,3,3
oakMargin,83,pm,25,171,1,4
oakMargin,83,pm,25,171,0,5
oakMargin,83,pm,25,171,0,6
oakMargin,83,pm,25,171,0,7
oakMargin,83,pm,25,171,0,8
oakMargin,83,pm,25,171,0,9
oakMargin,83,pm,25,171,0,10
oakMargin,85,pm,25,171,0,1
oakMargin,85,pm,25,171,0,2
oakMargin,85,pm,25,171,0,3
oakMargin,85,pm,25,171,0,4
oakMargin,85,pm,25,171,3,5
oakMargin,85,pm,25,171,0,6
oakMargin,85,pm,25,171,0,7
oakMargin,85,pm,25,171,0,8
oakMargin,85,pm,25,171,0,9
oakMargin,85,pm,25,171,0,10
control,45,pm,25,171,0,1
control,45,pm,25,171,0,2
control,45,pm,25,171,0,3
control,45,pm,25,171,0,4
control,45,pm,25,171,0,5
control,45,pm,25,171,0,6
control,45,pm,25,171,0,7
control,45,pm,25,171,0,8
control,45,pm,25,171,0,9
control,45,pm,25,171,1,10
control,47,pm,25,171,0,1
control,47,pm,25,171,0,2
control,47,pm,25,171,0,3
control,47,pm,25,171,0,4
control,47,pm,25,171,0,5
control,47,pm,25,171,0,6
control,47,pm,25,171,1,7
control,47,pm,25,171,1,8
control,47,pm,25,171,0,9
control,47,pm,25,171,0,10
control,49,pm,25,171,0,1
control,49,pm,25,171,0,2
control,49,pm,25,171,0,3
control,49,pm,25,171,0,4
control,49,pm,25,171,0,5
control,49,pm,25,171,2,6
control,49,pm,25,171,0,7
control,49,pm,25,171,0,8
control,49,pm,25,171,0,9
control,49,pm,25,171,0,10
oakMargin,81,pm,25,172,0,1
oakMargin,81,pm,25,172,1,2
oakMargin,81,pm,25,172,0,3
oakMargin,81,pm,25,172,1,4
oakMargin,81,pm,25,172,0,5
oakMargin,81,pm,25,172,0,6
oakMargin,81,pm,25,172,0,7
oakMargin,81,pm,25,172,0,8
oakMargin,81,pm,25,172,0,9
oakMargin,81,pm,25,172,1,10
oakMargin,83,pm,25,172,0,1
oakMargin,83,pm,25,172,1,2
oakMargin,83,pm,25,172,0,3
oakMargin,83,pm,25,172,1,4
oakMargin,83,pm,25,172,0,5
oakMargin,83,pm,25,172,0,6
oakMargin,83,pm,25,172,0,7
oakMargin,83,pm,25,172,0,8
oakMargin,83,pm,25,172,0,9
oakMargin,83,pm,25,172,0,10
oakMargin,85,pm,25,172,0,1
oakMargin,85,pm,25,172,0,2
oakMargin,85,pm,25,172,0,3
oakMargin,85,pm,25,172,0,4
oakMargin,85,pm,25,172,0,5
oakMargin,85,pm,25,172,1,6
oakMargin,85,pm,25,172,0,7
oakMargin,85,pm,25,172,1,8
oakMargin,85,pm,25,172,1,9
oakMargin,85,pm,25,172,0,10
control,45,am,25,172,0,1
control,45,am,25,172,1,2
control,45,am,25,172,0,3
control,45,am,25,172,0,4
control,45,am,25,172,0,5
control,45,am,25,172,0,6
control,45,am,25,172,0,7
control,45,am,25,172,0,8
control,45,am,25,172,0,9
control,45,am,25,172,0,10
control,47,am,25,172,0,1
control,47,am,25,172,0,2
control,47,am,25,172,1,3
control,47,am,25,172,1,4
control,47,am,25,172,0,5
control,47,am,25,172,0,6
control,47,am,25,172,0,7
control,47,am,25,172,0,8
control,47,am,25,172,1,9
control,47,am,25,172,0,10
control,49,am,25,172,0,1
control,49,am,25,172,0,2
control,49,am,25,172,0,3
control,49,am,25,172,0,4
control,49,am,25,172,0,5
control,49,am,25,172,1,6
control,49,am,25,172,0,7
control,49,am,25,172,0,8
control,49,am,25,172,0,9
control,49,am,25,172,1,10
control,47,pm,25,172,0,1
control,47,pm,25,172,1,2
control,47,pm,25,172,0,3
control,47,pm,25,172,0,4
control,47,pm,25,172,1,5
control,47,pm,25,172,0,6
control,47,pm,25,172,2,7
control,47,pm,25,172,0,8
control,47,pm,25,172,1,9
control,47,pm,25,172,1,10
control,45,pm,25,172,0,1
control,45,pm,25,172,0,2
control,45,pm,25,172,0,3
control,45,pm,25,172,0,4
control,45,pm,25,172,0,5
control,45,pm,25,172,0,6
control,45,pm,25,172,0,7
control,45,pm,25,172,1,8
control,45,pm,25,172,0,9
control,45,pm,25,172,1,10
control,49,pm,25,172,0,1
control,49,pm,25,172,0,2
control,49,pm,25,172,0,3
control,49,pm,25,172,0,4
control,49,pm,25,172,1,5
control,49,pm,25,172,0,6
control,49,pm,25,172,0,7
control,49,pm,25,172,2,8
control,49,pm,25,172,1,9
control,49,pm,25,172,0,10
oakMargin,81,am,25,172,0,1
oakMargin,81,am,25,172,0,2
oakMargin,81,am,25,172,0,3
oakMargin,81,am,25,172,0,4
oakMargin,81,am,25,172,0,5
oakMargin,81,am,25,172,0,6
oakMargin,81,am,25,172,0,7
oakMargin,81,am,25,172,0,8
oakMargin,81,am,25,172,1,9
oakMargin,81,am,25,172,0,10
oakMargin,83,am,25,172,0,1
oakMargin,83,am,25,172,1,2
oakMargin,83,am,25,172,1,3
oakMargin,83,am,25,172,0,4
oakMargin,83,am,25,172,0,5
oakMargin,83,am,25,172,0,6
oakMargin,83,am,25,172,1,7
oakMargin,83,am,25,172,0,8
oakMargin,83,am,25,172,0,9
oakMargin,83,am,25,172,0,10
oakMargin,85,am,25,172,0,1
oakMargin,85,am,25,172,0,2
oakMargin,85,am,25,172,0,3
oakMargin,85,am,25,172,0,4
oakMargin,85,am,25,172,1,5
oakMargin,85,am,25,172,0,6
oakMargin,85,am,25,172,1,7
oakMargin,85,am,25,172,0,8
oakMargin,85,am,25,172,0,9
oakMargin,85,am,25,172,0,10
control,46,pm,26,177,1,1
control,46,pm,26,177,0,2
control,46,pm,26,177,0,3
control,46,pm,26,177,1,4
control,46,pm,26,177,0,5
control,46,pm,26,177,1,6
control,46,pm,26,177,0,7
control,46,pm,26,177,0,8
control,46,pm,26,177,0,9
control,46,pm,26,177,0,10
control,48,pm,26,177,0,1
control,48,pm,26,177,0,2
control,48,pm,26,177,0,3
control,48,pm,26,177,1,4
control,48,pm,26,177,0,5
control,48,pm,26,177,0,6
control,48,pm,26,177,0,7
control,48,pm,26,177,1,8
control,48,pm,26,177,0,9
control,48,pm,26,177,0,10
control,50,pm,26,177,0,1
control,50,pm,26,177,0,2
control,50,pm,26,177,0,3
control,50,pm,26,177,0,4
control,50,pm,26,177,1,5
control,50,pm,26,177,0,6
control,50,pm,26,177,0,7
control,50,pm,26,177,1,8
control,50,pm,26,177,1,9
control,50,pm,26,177,0,10
oakMargin,83,pm,26,177,0,1
oakMargin,83,pm,26,177,0,2
oakMargin,83,pm,26,177,0,3
oakMargin,83,pm,26,177,0,4
oakMargin,83,pm,26,177,1,5
oakMargin,83,pm,26,177,0,6
oakMargin,83,pm,26,177,0,7
oakMargin,83,pm,26,177,0,8
oakMargin,83,pm,26,177,0,9
oakMargin,83,pm,26,177,0,10
oakMargin,85,pm,26,177,0,1
oakMargin,85,pm,26,177,0,2
oakMargin,85,pm,26,177,0,3
oakMargin,85,pm,26,177,0,4
oakMargin,85,pm,26,177,1,5
oakMargin,85,pm,26,177,0,6
oakMargin,85,pm,26,177,0,7
oakMargin,85,pm,26,177,1,8
oakMargin,85,pm,26,177,0,9
oakMargin,85,pm,26,177,0,10
oakMargin,87,pm,26,177,1,1
oakMargin,87,pm,26,177,0,2
oakMargin,87,pm,26,177,0,3
oakMargin,87,pm,26,177,0,4
oakMargin,87,pm,26,177,0,5
oakMargin,87,pm,26,177,0,6
oakMargin,87,pm,26,177,1,7
oakMargin,87,pm,26,177,0,8
oakMargin,87,pm,26,177,0,9
oakMargin,87,pm,26,177,0,10
control,46,am,26,177,0,1
control,46,am,26,177,0,2
control,46,am,26,177,0,3
control,46,am,26,177,0,4
control,46,am,26,177,0,5
control,46,am,26,177,0,6
control,46,am,26,177,0,7
control,46,am,26,177,0,8
control,46,am,26,177,0,9
control,46,am,26,177,0,10
control,48,am,26,177,0,1
control,48,am,26,177,0,2
control,48,am,26,177,0,3
control,48,am,26,177,0,4
control,48,am,26,177,0,5
control,48,am,26,177,0,6
control,48,am,26,177,0,7
control,48,am,26,177,0,8
control,48,am,26,177,1,9
control,48,am,26,177,0,10
control,50,am,26,177,0,1
control,50,am,26,177,0,2
control,50,am,26,177,0,3
control,50,am,26,177,0,4
control,50,am,26,177,0,5
control,50,am,26,177,1,6
control,50,am,26,177,0,7
control,50,am,26,177,0,8
control,50,am,26,177,0,9
control,50,am,26,177,0,10
oakMargin,83,am,26,177,0,1
oakMargin,83,am,26,177,0,2
oakMargin,83,am,26,177,0,3
oakMargin,83,am,26,177,0,4
oakMargin,83,am,26,177,0,5
oakMargin,83,am,26,177,0,6
oakMargin,83,am,26,177,0,7
oakMargin,83,am,26,177,0,8
oakMargin,83,am,26,177,0,9
oakMargin,83,am,26,177,0,10
oakMargin,85,am,26,177,0,1
oakMargin,85,am,26,177,0,2
oakMargin,85,am,26,177,0,3
oakMargin,85,am,26,177,0,4
oakMargin,85,am,26,177,0,5
oakMargin,85,am,26,177,0,6
oakMargin,85,am,26,177,1,7
oakMargin,85,am,26,177,1,8
oakMargin,85,am,26,177,0,9
oakMargin,85,am,26,177,0,10
oakMargin,87,am,26,177,0,1
oakMargin,87,am,26,177,0,2
oakMargin,87,am,26,177,0,3
oakMargin,87,am,26,177,0,4
oakMargin,87,am,26,177,0,5
oakMargin,87,am,26,177,0,6
oakMargin,87,am,26,177,0,7
oakMargin,87,am,26,177,0,8
oakMargin,87,am,26,177,0,9
oakMargin,87,am,26,177,0,10
control,46,pm,26,178,0,1
control,46,pm,26,178,0,2
control,46,pm,26,178,0,3
control,46,pm,26,178,0,4
control,46,pm,26,178,0,5
control,46,pm,26,178,0,6
control,46,pm,26,178,1,7
control,46,pm,26,178,2,8
control,46,pm,26,178,0,9
control,46,pm,26,178,0,10
control,48,pm,26,178,0,1
control,48,pm,26,178,0,2
control,48,pm,26,178,0,3
control,48,pm,26,178,2,4
control,48,pm,26,178,0,5
control,48,pm,26,178,0,6
control,48,pm,26,178,2,7
control,48,pm,26,178,0,8
control,48,pm,26,178,0,9
control,48,pm,26,178,1,10
control,50,pm,26,178,0,1
control,50,pm,26,178,0,2
control,50,pm,26,178,0,3
control,50,pm,26,178,0,4
control,50,pm,26,178,1,5
control,50,pm,26,178,0,6
control,50,pm,26,178,0,7
control,50,pm,26,178,0,8
control,50,pm,26,178,0,9
control,50,pm,26,178,0,10
control,46,am,26,178,1,1
control,46,am,26,178,0,2
control,46,am,26,178,0,3
control,46,am,26,178,0,4
control,46,am,26,178,0,5
control,46,am,26,178,0,6
control,46,am,26,178,0,7
control,46,am,26,178,2,8
control,46,am,26,178,0,9
control,46,am,26,178,0,10
control,48,am,26,178,0,1
control,48,am,26,178,0,2
control,48,am,26,178,0,3
control,48,am,26,178,0,4
control,48,am,26,178,0,5
control,48,am,26,178,0,6
control,48,am,26,178,0,7
control,48,am,26,178,0,8
control,48,am,26,178,0,9
control,48,am,26,178,0,10
control,50,am,26,178,0,1
control,50,am,26,178,0,2
control,50,am,26,178,0,3
control,50,am,26,178,0,4
control,50,am,26,178,1,5
control,50,am,26,178,0,6
control,50,am,26,178,0,7
control,50,am,26,178,1,8
control,50,am,26,178,0,9
control,50,am,26,178,0,10
oakMargin,83,am,26,178,0,1
oakMargin,83,am,26,178,1,2
oakMargin,83,am,26,178,0,3
oakMargin,83,am,26,178,1,4
oakMargin,83,am,26,178,0,5
oakMargin,83,am,26,178,0,6
oakMargin,83,am,26,178,0,7
oakMargin,83,am,26,178,0,8
oakMargin,83,am,26,178,0,9
oakMargin,83,am,26,178,2,10
oakMargin,85,am,26,178,0,1
oakMargin,85,am,26,178,0,2
oakMargin,85,am,26,178,0,3
oakMargin,85,am,26,178,1,4
oakMargin,85,am,26,178,2,5
oakMargin,85,am,26,178,1,6
oakMargin,85,am,26,178,0,7
oakMargin,85,am,26,178,0,8
oakMargin,85,am,26,178,1,9
oakMargin,85,am,26,178,0,10
oakMargin,87,am,26,178,0,1
oakMargin,87,am,26,178,0,2
oakMargin,87,am,26,178,0,3
oakMargin,87,am,26,178,0,4
oakMargin,87,am,26,178,0,5
oakMargin,87,am,26,178,0,6
oakMargin,87,am,26,178,0,7
oakMargin,87,am,26,178,0,8
oakMargin,87,am,26,178,0,9
oakMargin,87,am,26,178,0,10
oakMargin,83,pm,26,178,0,1
oakMargin,83,pm,26,178,1,2
oakMargin,83,pm,26,178,0,3
oakMargin,83,pm,26,178,0,4
oakMargin,83,pm,26,178,0,5
oakMargin,83,pm,26,178,0,6
oakMargin,83,pm,26,178,0,7
oakMargin,83,pm,26,178,0,8
oakMargin,83,pm,26,178,1,9
oakMargin,83,pm,26,178,0,10
oakMargin,85,pm,26,178,0,1
oakMargin,85,pm,26,178,0,2
oakMargin,85,pm,26,178,0,3
oakMargin,85,pm,26,178,0,4
oakMargin,85,pm,26,178,0,5
oakMargin,85,pm,26,178,0,6
oakMargin,85,pm,26,178,0,7
oakMargin,85,pm,26,178,0,8
oakMargin,85,pm,26,178,0,9
oakMargin,85,pm,26,178,1,10
oakMargin,87,pm,26,178,0,1
oakMargin,87,pm,26,178,0,2
oakMargin,87,pm,26,178,0,3
oakMargin,87,pm,26,178,0,4
oakMargin,87,pm,26,178,0,5
oakMargin,87,pm,26,178,0,6
oakMargin,87,pm,26,178,0,7
oakMargin,87,pm,26,178,0,8
oakMargin,87,pm,26,178,0,9
oakMargin,87,pm,26,178,0,10
control,46,am,26,179,0,1
control,46,am,26,179,0,2
control,46,am,26,179,0,3
control,46,am,26,179,0,4
control,46,am,26,179,0,5
control,46,am,26,179,0,6
control,46,am,26,179,1,7
control,46,am,26,179,0,8
control,46,am,26,179,0,9
control,46,am,26,179,0,10
control,48,am,26,179,0,1
control,48,am,26,179,0,2
control,48,am,26,179,0,3
control,48,am,26,179,0,4
control,48,am,26,179,0,5
control,48,am,26,179,0,6
control,48,am,26,179,0,7
control,48,am,26,179,1,8
control,48,am,26,179,0,9
control,48,am,26,179,0,10
control,50,am,26,179,0,1
control,50,am,26,179,0,2
control,50,am,26,179,0,3
control,50,am,26,179,0,4
control,50,am,26,179,0,5
control,50,am,26,179,0,6
control,50,am,26,179,0,7
control,50,am,26,179,0,8
control,50,am,26,179,0,9
control,50,am,26,179,0,10
oakMargin,83,pm,26,179,0,1
oakMargin,83,pm,26,179,0,2
oakMargin,83,pm,26,179,0,3
oakMargin,83,pm,26,179,1,4
oakMargin,83,pm,26,179,0,5
oakMargin,83,pm,26,179,0,6
oakMargin,83,pm,26,179,0,7
oakMargin,83,pm,26,179,0,8
oakMargin,83,pm,26,179,1,9
oakMargin,83,pm,26,179,0,10
oakMargin,85,pm,26,179,0,1
oakMargin,85,pm,26,179,0,2
oakMargin,85,pm,26,179,0,3
oakMargin,85,pm,26,179,0,4
oakMargin,85,pm,26,179,0,5
oakMargin,85,pm,26,179,0,6
oakMargin,85,pm,26,179,0,7
oakMargin,85,pm,26,179,0,8
oakMargin,85,pm,26,179,1,9
oakMargin,85,pm,26,179,0,10
oakMargin,87,pm,26,179,0,1
oakMargin,87,pm,26,179,0,2
oakMargin,87,pm,26,179,0,3
oakMargin,87,pm,26,179,1,4
oakMargin,87,pm,26,179,0,5
oakMargin,87,pm,26,179,0,6
oakMargin,87,pm,26,179,0,7
oakMargin,87,pm,26,179,0,8
oakMargin,87,pm,26,179,0,9
oakMargin,87,pm,26,179,0,10
control,46,pm,26,179,0,1
control,46,pm,26,179,0,2
control,46,pm,26,179,0,3
control,46,pm,26,179,0,4
control,46,pm,26,179,0,5
control,46,pm,26,179,0,6
control,46,pm,26,179,0,7
control,46,pm,26,179,0,8
control,46,pm,26,179,1,9
control,46,pm,26,179,0,10
control,48,pm,26,179,0,1
control,48,pm,26,179,0,2
control,48,pm,26,179,0,3
control,48,pm,26,179,0,4
control,48,pm,26,179,0,5
control,48,pm,26,179,0,6
control,48,pm,26,179,0,7
control,48,pm,26,179,0,8
control,48,pm,26,179,0,9
control,48,pm,26,179,0,10
control,50,pm,26,179,0,1
control,50,pm,26,179,0,2
control,50,pm,26,179,0,3
control,50,pm,26,179,0,4
control,50,pm,26,179,0,5
control,50,pm,26,179,0,6
control,50,pm,26,179,0,7
control,50,pm,26,179,0,8
control,50,pm,26,179,0,9
control,50,pm,26,179,0,10
oakMargin,83,am,26,179,0,1
oakMargin,83,am,26,179,0,2
oakMargin,83,am,26,179,0,3
oakMargin,83,am,26,179,0,4
oakMargin,83,am,26,179,0,5
oakMargin,83,am,26,179,0,6
oakMargin,83,am,26,179,0,7
oakMargin,83,am,26,179,0,8
oakMargin,83,am,26,179,0,9
oakMargin,83,am,26,179,0,10
oakMargin,85,am,26,179,0,1
oakMargin,85,am,26,179,0,2
oakMargin,85,am,26,179,0,3
oakMargin,85,am,26,179,0,4
oakMargin,85,am,26,179,0,5
oakMargin,85,am,26,179,0,6
oakMargin,85,am,26,179,0,7
oakMargin,85,am,26,179,0,8
oakMargin,85,am,26,179,0,9
oakMargin,85,am,26,179,0,10
oakMargin,87,am,26,179,0,1
oakMargin,87,am,26,179,0,2
oakMargin,87,am,26,179,0,3
oakMargin,87,am,26,179,0,4
oakMargin,87,am,26,179,0,5
oakMargin,87,am,26,179,0,6
oakMargin,87,am,26,179,0,7
oakMargin,87,am,26,179,0,8
oakMargin,87,am,26,179,0,9
oakMargin,87,am,26,179,0,10
control,47,pm,27,183,1,1
control,47,pm,27,183,0,2
control,47,pm,27,183,0,3
control,47,pm,27,183,0,4
control,47,pm,27,183,0,5
control,47,pm,27,183,0,6
control,47,pm,27,183,0,7
control,47,pm,27,183,0,8
control,47,pm,27,183,0,9
control,47,pm,27,183,0,10
control,49,pm,27,183,0,1
control,49,pm,27,183,0,2
control,49,pm,27,183,0,3
control,49,pm,27,183,0,4
control,49,pm,27,183,0,5
control,49,pm,27,183,1,6
control,49,pm,27,183,1,7
control,49,pm,27,183,0,8
control,49,pm,27,183,0,9
control,49,pm,27,183,0,10
control,51,pm,27,183,0,1
control,51,pm,27,183,0,2
control,51,pm,27,183,0,3
control,51,pm,27,183,0,4
control,51,pm,27,183,0,5
control,51,pm,27,183,0,6
control,51,pm,27,183,0,7
control,51,pm,27,183,1,8
control,51,pm,27,183,0,9
control,51,pm,27,183,0,10
oakMargin,79,am,27,183,0,1
oakMargin,79,am,27,183,0,2
oakMargin,79,am,27,183,0,3
oakMargin,79,am,27,183,0,4
oakMargin,79,am,27,183,0,5
oakMargin,79,am,27,183,0,6
oakMargin,79,am,27,183,0,7
oakMargin,79,am,27,183,0,8
oakMargin,79,am,27,183,0,9
oakMargin,79,am,27,183,0,10
oakMargin,81,am,27,183,0,1
oakMargin,81,am,27,183,1,2
oakMargin,81,am,27,183,0,3
oakMargin,81,am,27,183,0,4
oakMargin,81,am,27,183,0,5
oakMargin,81,am,27,183,1,6
oakMargin,81,am,27,183,0,7
oakMargin,81,am,27,183,0,8
oakMargin,81,am,27,183,0,9
oakMargin,81,am,27,183,1,10
oakMargin,83,am,27,183,0,1
oakMargin,83,am,27,183,0,2
oakMargin,83,am,27,183,0,3
oakMargin,83,am,27,183,0,4
oakMargin,83,am,27,183,0,5
oakMargin,83,am,27,183,0,6
oakMargin,83,am,27,183,0,7
oakMargin,83,am,27,183,0,8
oakMargin,83,am,27,183,0,9
oakMargin,83,am,27,183,0,10
control,47,am,27,183,0,1
control,47,am,27,183,0,2
control,47,am,27,183,0,3
control,47,am,27,183,0,4
control,47,am,27,183,0,5
control,47,am,27,183,0,6
control,47,am,27,183,1,7
control,47,am,27,183,0,8
control,47,am,27,183,0,9
control,47,am,27,183,0,10
control,49,am,27,183,0,1
control,49,am,27,183,0,2
control,49,am,27,183,0,3
control,49,am,27,183,0,4
control,49,am,27,183,0,5
control,49,am,27,183,0,6
control,49,am,27,183,1,7
control,49,am,27,183,0,8
control,49,am,27,183,1,9
control,49,am,27,183,0,10
control,51,am,27,183,0,1
control,51,am,27,183,0,2
control,51,am,27,183,0,3
control,51,am,27,183,0,4
control,51,am,27,183,0,5
control,51,am,27,183,0,6
control,51,am,27,183,0,7
control,51,am,27,183,1,8
control,51,am,27,183,0,9
control,51,am,27,183,0,10
oakMargin,79,pm,27,183,0,1
oakMargin,79,pm,27,183,0,2
oakMargin,79,pm,27,183,0,3
oakMargin,79,pm,27,183,0,4
oakMargin,79,pm,27,183,0,5
oakMargin,79,pm,27,183,0,6
oakMargin,79,pm,27,183,0,7
oakMargin,79,pm,27,183,1,8
oakMargin,79,pm,27,183,0,9
oakMargin,79,pm,27,183,0,10
oakMargin,81,pm,27,183,0,1
oakMargin,81,pm,27,183,0,2
oakMargin,81,pm,27,183,0,3
oakMargin,81,pm,27,183,1,4
oakMargin,81,pm,27,183,0,5
oakMargin,81,pm,27,183,0,6
oakMargin,81,pm,27,183,0,7
oakMargin,81,pm,27,183,1,8
oakMargin,81,pm,27,183,0,9
oakMargin,81,pm,27,183,2,10
oakMargin,83,pm,27,183,0,1
oakMargin,83,pm,27,183,0,2
oakMargin,83,pm,27,183,1,3
oakMargin,83,pm,27,183,0,4
oakMargin,83,pm,27,183,0,5
oakMargin,83,pm,27,183,0,6
oakMargin,83,pm,27,183,0,7
oakMargin,83,pm,27,183,0,8
oakMargin,83,pm,27,183,1,9
oakMargin,83,pm,27,183,0,10
control,47,am,27,184,0,1
control,47,am,27,184,0,2
control,47,am,27,184,0,3
control,47,am,27,184,0,4
control,47,am,27,184,0,5
control,47,am,27,184,0,6
control,47,am,27,184,0,7
control,47,am,27,184,0,8
control,47,am,27,184,0,9
control,47,am,27,184,0,10
control,49,am,27,184,0,1
control,49,am,27,184,0,2
control,49,am,27,184,0,3
control,49,am,27,184,0,4
control,49,am,27,184,0,5
control,49,am,27,184,0,6
control,49,am,27,184,0,7
control,49,am,27,184,0,8
control,49,am,27,184,0,9
control,49,am,27,184,0,10
control,51,am,27,184,0,1
control,51,am,27,184,0,2
control,51,am,27,184,0,3
control,51,am,27,184,0,4
control,51,am,27,184,0,5
control,51,am,27,184,0,6
control,51,am,27,184,0,7
control,51,am,27,184,0,8
control,51,am,27,184,0,9
control,51,am,27,184,0,10
oakMargin,79,am,27,184,0,1
oakMargin,79,am,27,184,0,2
oakMargin,79,am,27,184,0,3
oakMargin,79,am,27,184,0,4
oakMargin,79,am,27,184,0,5
oakMargin,79,am,27,184,0,6
oakMargin,79,am,27,184,0,7
oakMargin,79,am,27,184,0,8
oakMargin,79,am,27,184,0,9
oakMargin,79,am,27,184,0,10
oakMargin,81,am,27,184,0,1
oakMargin,81,am,27,184,0,2
oakMargin,81,am,27,184,0,3
oakMargin,81,am,27,184,0,4
oakMargin,81,am,27,184,0,5
oakMargin,81,am,27,184,0,6
oakMargin,81,am,27,184,0,7
oakMargin,81,am,27,184,0,8
oakMargin,81,am,27,184,0,9
oakMargin,81,am,27,184,0,10
oakMargin,83,am,27,184,0,1
oakMargin,83,am,27,184,0,2
oakMargin,83,am,27,184,1,3
oakMargin,83,am,27,184,0,4
oakMargin,83,am,27,184,0,5
oakMargin,83,am,27,184,0,6
oakMargin,83,am,27,184,0,7
oakMargin,83,am,27,184,0,8
oakMargin,83,am,27,184,1,9
oakMargin,83,am,27,184,0,10
control,44,pm,28,191,1,1
control,44,pm,28,191,1,2
control,44,pm,28,191,2,3
control,44,pm,28,191,0,4
control,44,pm,28,191,0,5
control,44,pm,28,191,0,6
control,44,pm,28,191,0,7
control,44,pm,28,191,0,8
control,44,pm,28,191,0,9
control,44,pm,28,191,0,10
control,46,pm,28,191,0,1
control,46,pm,28,191,1,2
control,46,pm,28,191,1,3
control,46,pm,28,191,0,4
control,46,pm,28,191,0,5
control,46,pm,28,191,0,6
control,46,pm,28,191,0,7
control,46,pm,28,191,1,8
control,46,pm,28,191,0,9
control,46,pm,28,191,0,10
control,48,pm,28,191,0,1
control,48,pm,28,191,0,2
control,48,pm,28,191,0,3
control,48,pm,28,191,0,4
control,48,pm,28,191,0,5
control,48,pm,28,191,1,6
control,48,pm,28,191,0,7
control,48,pm,28,191,1,8
control,48,pm,28,191,0,9
control,48,pm,28,191,2,10
oakMargin,80,am,28,191,0,1
oakMargin,80,am,28,191,0,2
oakMargin,80,am,28,191,0,3
oakMargin,80,am,28,191,0,4
oakMargin,80,am,28,191,0,5
oakMargin,80,am,28,191,0,6
oakMargin,80,am,28,191,0,7
oakMargin,80,am,28,191,0,8
oakMargin,80,am,28,191,0,9
oakMargin,80,am,28,191,0,10
oakMargin,82,am,28,191,0,1
oakMargin,82,am,28,191,0,2
oakMargin,82,am,28,191,0,3
oakMargin,82,am,28,191,0,4
oakMargin,82,am,28,191,0,5
oakMargin,82,am,28,191,0,6
oakMargin,82,am,28,191,0,7
oakMargin,82,am,28,191,0,8
oakMargin,82,am,28,191,1,9
oakMargin,82,am,28,191,0,10
oakMargin,84,am,28,191,1,1
oakMargin,84,am,28,191,0,2
oakMargin,84,am,28,191,0,3
oakMargin,84,am,28,191,0,4
oakMargin,84,am,28,191,0,5
oakMargin,84,am,28,191,0,6
oakMargin,84,am,28,191,0,7
oakMargin,84,am,28,191,0,8
oakMargin,84,am,28,191,0,9
oakMargin,84,am,28,191,0,10
oakMargin,80,pm,28,191,0,1
oakMargin,80,pm,28,191,0,2
oakMargin,80,pm,28,191,0,3
oakMargin,80,pm,28,191,2,4
oakMargin,80,pm,28,191,0,5
oakMargin,80,pm,28,191,0,6
oakMargin,80,pm,28,191,0,7
oakMargin,80,pm,28,191,0,8
oakMargin,80,pm,28,191,0,9
oakMargin,80,pm,28,191,0,10
oakMargin,82,pm,28,191,0,1
oakMargin,82,pm,28,191,0,2
oakMargin,82,pm,28,191,0,3
oakMargin,82,pm,28,191,0,4
oakMargin,82,pm,28,191,1,5
oakMargin,82,pm,28,191,1,6
oakMargin,82,pm,28,191,0,7
oakMargin,82,pm,28,191,0,8
oakMargin,82,pm,28,191,1,9
oakMargin,82,pm,28,191,0,10
oakMargin,84,pm,28,191,1,1
oakMargin,84,pm,28,191,0,2
oakMargin,84,pm,28,191,0,3
oakMargin,84,pm,28,191,0,4
oakMargin,84,pm,28,191,0,5
oakMargin,84,pm,28,191,1,6
oakMargin,84,pm,28,191,0,7
oakMargin,84,pm,28,191,2,8
oakMargin,84,pm,28,191,0,9
oakMargin,84,pm,28,191,0,10
control,46,am,28,191,0,1
control,46,am,28,191,0,2
control,46,am,28,191,0,3
control,46,am,28,191,0,4
control,46,am,28,191,0,5
control,46,am,28,191,0,6
control,46,am,28,191,1,7
control,46,am,28,191,0,8
control,46,am,28,191,0,9
control,46,am,28,191,0,10
control,48,am,28,191,0,1
control,48,am,28,191,0,2
control,48,am,28,191,0,3
control,48,am,28,191,1,4
control,48,am,28,191,1,5
control,48,am,28,191,0,6
control,48,am,28,191,0,7
control,48,am,28,191,0,8
control,48,am,28,191,0,9
control,48,am,28,191,0,10
control,44,am,28,191,0,1
control,44,am,28,191,0,2
control,44,am,28,191,0,3
control,44,am,28,191,0,4
control,44,am,28,191,0,5
control,44,am,28,191,0,6
control,44,am,28,191,0,7
control,44,am,28,191,0,8
control,44,am,28,191,0,9
control,44,am,28,191,0,10
oakMargin,80,am,28,192,0,1
oakMargin,80,am,28,192,0,2
oakMargin,80,am,28,192,0,3
oakMargin,80,am,28,192,1,4
oakMargin,80,am,28,192,0,5
oakMargin,80,am,28,192,0,6
oakMargin,80,am,28,192,0,7
oakMargin,80,am,28,192,0,8
oakMargin,80,am,28,192,0,9
oakMargin,80,am,28,192,0,10
oakMargin,82,am,28,192,0,1
oakMargin,82,am,28,192,1,2
oakMargin,82,am,28,192,1,3
oakMargin,82,am,28,192,0,4
oakMargin,82,am,28,192,1,5
oakMargin,82,am,28,192,0,6
oakMargin,82,am,28,192,0,7
oakMargin,82,am,28,192,0,8
oakMargin,82,am,28,192,0,9
oakMargin,82,am,28,192,0,10
oakMargin,84,am,28,192,0,1
oakMargin,84,am,28,192,0,2
oakMargin,84,am,28,192,0,3
oakMargin,84,am,28,192,0,4
oakMargin,84,am,28,192,0,5
oakMargin,84,am,28,192,0,6
oakMargin,84,am,28,192,0,7
oakMargin,84,am,28,192,1,8
oakMargin,84,am,28,192,0,9
oakMargin,84,am,28,192,0,10
control,44,pm,28,192,0,1
control,44,pm,28,192,1,2
control,44,pm,28,192,0,3
control,44,pm,28,192,0,4
control,44,pm,28,192,0,5
control,44,pm,28,192,0,6
control,44,pm,28,192,0,7
control,44,pm,28,192,1,8
control,44,pm,28,192,0,9
control,44,pm,28,192,0,10
control,46,pm,28,192,0,1
control,46,pm,28,192,0,2
control,46,pm,28,192,0,3
control,46,pm,28,192,0,4
control,46,pm,28,192,0,5
control,46,pm,28,192,0,6
control,46,pm,28,192,0,7
control,46,pm,28,192,0,8
control,46,pm,28,192,0,9
control,46,pm,28,192,0,10
control,48,pm,28,192,0,1
control,48,pm,28,192,0,2
control,48,pm,28,192,1,3
control,48,pm,28,192,0,4
control,48,pm,28,192,1,5
control,48,pm,28,192,0,6
control,48,pm,28,192,0,7
control,48,pm,28,192,0,8
control,48,pm,28,192,0,9
control,48,pm,28,192,0,10
oakMargin,80,pm,28,192,0,1
oakMargin,80,pm,28,192,0,2
oakMargin,80,pm,28,192,0,3
oakMargin,80,pm,28,192,0,4
oakMargin,80,pm,28,192,1,5
oakMargin,80,pm,28,192,0,6
oakMargin,80,pm,28,192,0,7
oakMargin,80,pm,28,192,0,8
oakMargin,80,pm,28,192,0,9
oakMargin,80,pm,28,192,0,10
oakMargin,82,pm,28,192,0,1
oakMargin,82,pm,28,192,0,2
oakMargin,82,pm,28,192,1,3
oakMargin,82,pm,28,192,0,4
oakMargin,82,pm,28,192,0,5
oakMargin,82,pm,28,192,0,6
oakMargin,82,pm,28,192,0,7
oakMargin,82,pm,28,192,0,8
oakMargin,82,pm,28,192,0,9
oakMargin,82,pm,28,192,0,10
oakMargin,84,pm,28,192,0,1
oakMargin,84,pm,28,192,0,2
oakMargin,84,pm,28,192,0,3
oakMargin,84,pm,28,192,0,4
oakMargin,84,pm,28,192,0,5
oakMargin,84,pm,28,192,0,6
oakMargin,84,pm,28,192,0,7
oakMargin,84,pm,28,192,0,8
oakMargin,84,pm,28,192,0,9
oakMargin,84,pm,28,192,0,10
control,44,am,28,192,1,1
control,44,am,28,192,0,2
control,44,am,28,192,0,3
control,44,am,28,192,0,4
control,44,am,28,192,1,5
control,44,am,28,192,0,6
control,44,am,28,192,1,7
control,44,am,28,192,0,8
control,44,am,28,192,0,9
control,44,am,28,192,0,10
control,46,am,28,192,0,1
control,46,am,28,192,0,2
control,46,am,28,192,0,3
control,46,am,28,192,0,4
control,46,am,28,192,0,5
control,46,am,28,192,0,6
control,46,am,28,192,0,7
control,46,am,28,192,0,8
control,46,am,28,192,0,9
control,46,am,28,192,0,10
control,48,am,28,192,0,1
control,48,am,28,192,0,2
control,48,am,28,192,0,3
control,48,am,28,192,0,4
control,48,am,28,192,0,5
control,48,am,28,192,0,6
control,48,am,28,192,0,7
control,48,am,28,192,0,8
control,48,am,28,192,0,9
control,48,am,28,192,0,10
oakMargin,80,am,28,193,3,1
oakMargin,80,am,28,193,0,2
oakMargin,80,am,28,193,0,3
oakMargin,80,am,28,193,0,4
oakMargin,80,am,28,193,0,5
oakMargin,80,am,28,193,0,6
oakMargin,80,am,28,193,0,7
oakMargin,80,am,28,193,1,8
oakMargin,80,am,28,193,0,9
oakMargin,80,am,28,193,0,10
oakMargin,82,am,28,193,0,1
oakMargin,82,am,28,193,0,2
oakMargin,82,am,28,193,0,3
oakMargin,82,am,28,193,0,4
oakMargin,82,am,28,193,0,5
oakMargin,82,am,28,193,0,6
oakMargin,82,am,28,193,2,7
oakMargin,82,am,28,193,0,8
oakMargin,82,am,28,193,2,9
oakMargin,82,am,28,193,0,10
oakMargin,84,am,28,193,0,1
oakMargin,84,am,28,193,0,2
oakMargin,84,am,28,193,0,3
oakMargin,84,am,28,193,0,4
oakMargin,84,am,28,193,0,5
oakMargin,84,am,28,193,0,6
oakMargin,84,am,28,193,2,7
oakMargin,84,am,28,193,0,8
oakMargin,84,am,28,193,2,9
oakMargin,84,am,28,193,0,10
control,44,am,28,193,0,1
control,44,am,28,193,1,2
control,44,am,28,193,0,3
control,44,am,28,193,0,4
control,44,am,28,193,0,5
control,44,am,28,193,0,6
control,44,am,28,193,0,7
control,44,am,28,193,0,8
control,44,am,28,193,0,9
control,44,am,28,193,0,10
control,46,am,28,193,0,1
control,46,am,28,193,0,2
control,46,am,28,193,0,3
control,46,am,28,193,1,4
control,46,am,28,193,0,5
control,46,am,28,193,0,6
control,46,am,28,193,0,7
control,46,am,28,193,2,8
control,46,am,28,193,0,9
control,46,am,28,193,0,10
control,48,am,28,193,0,1
control,48,am,28,193,0,2
control,48,am,28,193,0,3
control,48,am,28,193,1,4
control,48,am,28,193,0,5
control,48,am,28,193,0,6
control,48,am,28,193,0,7
control,48,am,28,193,0,8
control,48,am,28,193,0,9
control,48,am,28,193,0,10
oakMargin,80,pm,28,193,0,1
oakMargin,80,pm,28,193,1,2
oakMargin,80,pm,28,193,0,3
oakMargin,80,pm,28,193,0,4
oakMargin,80,pm,28,193,0,5
oakMargin,80,pm,28,193,0,6
oakMargin,80,pm,28,193,0,7
oakMargin,80,pm,28,193,0,8
oakMargin,80,pm,28,193,0,9
oakMargin,80,pm,28,193,0,10
oakMargin,82,pm,28,193,0,1
oakMargin,82,pm,28,193,0,2
oakMargin,82,pm,28,193,1,3
oakMargin,82,pm,28,193,0,4
oakMargin,82,pm,28,193,0,5
oakMargin,82,pm,28,193,0,6
oakMargin,82,pm,28,193,1,7
oakMargin,82,pm,28,193,1,8
oakMargin,82,pm,28,193,1,9
oakMargin,82,pm,28,193,0,10
oakMargin,84,pm,28,193,0,1
oakMargin,84,pm,28,193,0,2
oakMargin,84,pm,28,193,0,3
oakMargin,84,pm,28,193,0,4
oakMargin,84,pm,28,193,1,5
oakMargin,84,pm,28,193,1,6
oakMargin,84,pm,28,193,0,7
oakMargin,84,pm,28,193,0,8
oakMargin,84,pm,28,193,0,9
oakMargin,84,pm,28,193,0,10
control,44,pm,28,193,1,1
control,44,pm,28,193,0,2
control,44,pm,28,193,0,3
control,44,pm,28,193,0,4
control,44,pm,28,193,0,5
control,44,pm,28,193,0,6
control,44,pm,28,193,0,7
control,44,pm,28,193,0,8
control,44,pm,28,193,0,9
control,44,pm,28,193,0,10
control,46,pm,28,193,0,1
control,46,pm,28,193,0,2
control,46,pm,28,193,0,3
control,46,pm,28,193,0,4
control,46,pm,28,193,0,5
control,46,pm,28,193,0,6
control,46,pm,28,193,0,7
control,46,pm,28,193,0,8
control,46,pm,28,193,0,9
control,46,pm,28,193,0,10
control,48,pm,28,193,0,1
control,48,pm,28,193,0,2
control,48,pm,28,193,0,3
control,48,pm,28,193,0,4
control,48,pm,28,193,0,5
control,48,pm,28,193,0,6
control,48,pm,28,193,0,7
control,48,pm,28,193,1,8
control,48,pm,28,193,0,9
control,48,pm,28,193,0,10
control,48,pm,29,201,0,1
control,48,pm,29,201,0,2
control,48,pm,29,201,0,3
control,48,pm,29,201,0,4
control,48,pm,29,201,0,5
control,48,pm,29,201,1,6
control,48,pm,29,201,0,7
control,48,pm,29,201,0,8
control,48,pm,29,201,0,9
control,48,pm,29,201,0,10
control,50,pm,29,201,0,1
control,50,pm,29,201,0,2
control,50,pm,29,201,0,3
control,50,pm,29,201,0,4
control,50,pm,29,201,0,5
control,50,pm,29,201,0,6
control,50,pm,29,201,0,7
control,50,pm,29,201,1,8
control,50,pm,29,201,0,9
control,50,pm,29,201,0,10
control,52,pm,29,201,0,1
control,52,pm,29,201,0,2
control,52,pm,29,201,0,3
control,52,pm,29,201,0,4
control,52,pm,29,201,0,5
control,52,pm,29,201,1,6
control,52,pm,29,201,0,7
control,52,pm,29,201,1,8
control,52,pm,29,201,0,9
control,52,pm,29,201,0,10
oakMargin,82,am,29,201,0,1
oakMargin,82,am,29,201,0,2
oakMargin,82,am,29,201,0,3
oakMargin,82,am,29,201,0,4
oakMargin,82,am,29,201,0,5
oakMargin,82,am,29,201,0,6
oakMargin,82,am,29,201,0,7
oakMargin,82,am,29,201,0,8
oakMargin,82,am,29,201,0,9
oakMargin,82,am,29,201,0,10
oakMargin,84,am,29,201,0,1
oakMargin,84,am,29,201,0,2
oakMargin,84,am,29,201,0,3
oakMargin,84,am,29,201,0,4
oakMargin,84,am,29,201,0,5
oakMargin,84,am,29,201,0,6
oakMargin,84,am,29,201,0,7
oakMargin,84,am,29,201,0,8
oakMargin,84,am,29,201,0,9
oakMargin,84,am,29,201,0,10
oakMargin,87,am,29,201,0,1
oakMargin,87,am,29,201,0,2
oakMargin,87,am,29,201,0,3
oakMargin,87,am,29,201,0,4
oakMargin,87,am,29,201,0,5
oakMargin,87,am,29,201,0,6
oakMargin,87,am,29,201,0,7
oakMargin,87,am,29,201,1,8
oakMargin,87,am,29,201,0,9
oakMargin,87,am,29,201,1,10
control,48,am,29,201,0,1
control,48,am,29,201,0,2
control,48,am,29,201,0,3
control,48,am,29,201,1,4
control,48,am,29,201,0,5
control,48,am,29,201,0,6
control,48,am,29,201,0,7
control,48,am,29,201,1,8
control,48,am,29,201,0,9
control,48,am,29,201,0,10
control,50,am,29,201,0,1
control,50,am,29,201,0,2
control,50,am,29,201,0,3
control,50,am,29,201,0,4
control,50,am,29,201,1,5
control,50,am,29,201,0,6
control,50,am,29,201,0,7
control,50,am,29,201,0,8
control,50,am,29,201,0,9
control,50,am,29,201,0,10
control,52,am,29,201,0,1
control,52,am,29,201,1,2
control,52,am,29,201,0,3
control,52,am,29,201,0,4
control,52,am,29,201,0,5
control,52,am,29,201,0,6
control,52,am,29,201,0,7
control,52,am,29,201,0,8
control,52,am,29,201,0,9
control,52,am,29,201,0,10
oakMargin,82,pm,29,201,0,1
oakMargin,82,pm,29,201,1,2
oakMargin,82,pm,29,201,1,3
oakMargin,82,pm,29,201,0,4
oakMargin,82,pm,29,201,0,5
oakMargin,82,pm,29,201,0,6
oakMargin,82,pm,29,201,0,7
oakMargin,82,pm,29,201,0,8
oakMargin,82,pm,29,201,1,9
oakMargin,82,pm,29,201,0,10
oakMargin,84,pm,29,201,0,1
oakMargin,84,pm,29,201,0,2
oakMargin,84,pm,29,201,0,3
oakMargin,84,pm,29,201,0,4
oakMargin,84,pm,29,201,0,5
oakMargin,84,pm,29,201,0,6
oakMargin,84,pm,29,201,0,7
oakMargin,84,pm,29,201,1,8
oakMargin,84,pm,29,201,0,9
oakMargin,84,pm,29,201,0,10
oakMargin,87,pm,29,201,0,1
oakMargin,87,pm,29,201,0,2
oakMargin,87,pm,29,201,0,3
oakMargin,87,pm,29,201,1,4
oakMargin,87,pm,29,201,0,5
oakMargin,87,pm,29,201,0,6
oakMargin,87,pm,29,201,0,7
oakMargin,87,pm,29,201,1,8
oakMargin,87,pm,29,201,1,9
oakMargin,87,pm,29,201,0,10
control,48,pm,29,202,0,1
control,48,pm,29,202,0,2
control,48,pm,29,202,0,3
control,48,pm,29,202,0,4
control,48,pm,29,202,0,5
control,48,pm,29,202,0,6
control,48,pm,29,202,0,7
control,48,pm,29,202,0,8
control,48,pm,29,202,0,9
control,48,pm,29,202,1,10
control,50,pm,29,202,0,1
control,50,pm,29,202,0,2
control,50,pm,29,202,0,3
control,50,pm,29,202,0,4
control,50,pm,29,202,0,5
control,50,pm,29,202,0,6
control,50,pm,29,202,0,7
control,50,pm,29,202,0,8
control,50,pm,29,202,0,9
control,50,pm,29,202,0,10
control,52,pm,29,202,0,1
control,52,pm,29,202,0,2
control,52,pm,29,202,0,3
control,52,pm,29,202,0,4
control,52,pm,29,202,1,5
control,52,pm,29,202,0,6
control,52,pm,29,202,0,7
control,52,pm,29,202,0,8
control,52,pm,29,202,0,9
control,52,pm,29,202,2,10
oakMargin,82,am,29,202,0,1
oakMargin,82,am,29,202,0,2
oakMargin,82,am,29,202,0,3
oakMargin,82,am,29,202,0,4
oakMargin,82,am,29,202,0,5
oakMargin,82,am,29,202,0,6
oakMargin,82,am,29,202,0,7
oakMargin,82,am,29,202,0,8
oakMargin,82,am,29,202,0,9
oakMargin,82,am,29,202,0,10
oakMargin,84,am,29,202,0,1
oakMargin,84,am,29,202,0,2
oakMargin,84,am,29,202,0,3
oakMargin,84,am,29,202,1,4
oakMargin,84,am,29,202,0,5
oakMargin,84,am,29,202,0,6
oakMargin,84,am,29,202,0,7
oakMargin,84,am,29,202,0,8
oakMargin,84,am,29,202,0,9
oakMargin,84,am,29,202,0,10
oakMargin,87,am,29,202,0,1
oakMargin,87,am,29,202,0,2
oakMargin,87,am,29,202,0,3
oakMargin,87,am,29,202,0,4
oakMargin,87,am,29,202,1,5
oakMargin,87,am,29,202,0,6
oakMargin,87,am,29,202,0,7
oakMargin,87,am,29,202,0,8
oakMargin,87,am,29,202,0,9
oakMargin,87,am,29,202,0,10
control,48,am,29,202,1,1
control,48,am,29,202,0,2
control,48,am,29,202,0,3
control,48,am,29,202,1,4
control,48,am,29,202,0,5
control,48,am,29,202,0,6
control,48,am,29,202,0,7
control,48,am,29,202,0,8
control,48,am,29,202,0,9
control,48,am,29,202,0,10
control,50,am,29,202,0,1
control,50,am,29,202,0,2
control,50,am,29,202,1,3
control,50,am,29,202,0,4
control,50,am,29,202,0,5
control,50,am,29,202,0,6
control,50,am,29,202,0,7
control,50,am,29,202,0,8
control,50,am,29,202,0,9
control,50,am,29,202,0,10
control,52,am,29,202,0,1
control,52,am,29,202,0,2
control,52,am,29,202,0,3
control,52,am,29,202,0,4
control,52,am,29,202,0,5
control,52,am,29,202,0,6
control,52,am,29,202,0,7
control,52,am,29,202,0,8
control,52,am,29,202,0,9
control,52,am,29,202,0,10
oakMargin,82,pm,29,202,0,1
oakMargin,82,pm,29,202,0,2
oakMargin,82,pm,29,202,0,3
oakMargin,82,pm,29,202,1,4
oakMargin,82,pm,29,202,0,5
oakMargin,82,pm,29,202,0,6
oakMargin,82,pm,29,202,0,7
oakMargin,82,pm,29,202,0,8
oakMargin,82,pm,29,202,0,9
oakMargin,82,pm,29,202,0,10
oakMargin,84,pm,29,202,0,1
oakMargin,84,pm,29,202,0,2
oakMargin,84,pm,29,202,0,3
oakMargin,84,pm,29,202,0,4
oakMargin,84,pm,29,202,1,5
oakMargin,84,pm,29,202,0,6
oakMargin,84,pm,29,202,0,7
oakMargin,84,pm,29,202,0,8
oakMargin,84,pm,29,202,0,9
oakMargin,84,pm,29,202,0,10
oakMargin,87,pm,29,202,0,1
oakMargin,87,pm,29,202,0,2
oakMargin,87,pm,29,202,0,3
oakMargin,87,pm,29,202,0,4
oakMargin,87,pm,29,202,0,5
oakMargin,87,pm,29,202,0,6
oakMargin,87,pm,29,202,0,7
oakMargin,87,pm,29,202,0,8
oakMargin,87,pm,29,202,1,9
oakMargin,87,pm,29,202,0,10
control,48,pm,29,203,0,1
control,48,pm,29,203,0,2
control,48,pm,29,203,0,3
control,48,pm,29,203,0,4
control,48,pm,29,203,0,5
control,48,pm,29,203,0,6
control,48,pm,29,203,0,7
control,48,pm,29,203,0,8
control,48,pm,29,203,0,9
control,48,pm,29,203,0,10
control,48,pm,29,203,0,1
control,50,pm,29,203,0,2
control,50,pm,29,203,0,3
control,50,pm,29,203,0,4
control,50,pm,29,203,0,5
control,50,pm,29,203,0,6
control,50,pm,29,203,0,7
control,50,pm,29,203,0,8
control,50,pm,29,203,0,9
control,50,pm,29,203,0,10
control,52,pm,29,203,0,1
control,52,pm,29,203,0,2
control,52,pm,29,203,1,3
control,52,pm,29,203,0,4
control,52,pm,29,203,0,5
control,52,pm,29,203,0,6
control,52,pm,29,203,0,7
control,52,pm,29,203,0,8
control,52,pm,29,203,0,9
control,52,pm,29,203,1,10
oakMargin,82,am,29,203,0,1
oakMargin,82,am,29,203,0,2
oakMargin,82,am,29,203,0,3
oakMargin,82,am,29,203,0,4
oakMargin,82,am,29,203,0,5
oakMargin,82,am,29,203,0,6
oakMargin,82,am,29,203,0,7
oakMargin,82,am,29,203,0,8
oakMargin,82,am,29,203,0,9
oakMargin,82,am,29,203,0,10
oakMargin,84,am,29,203,0,1
oakMargin,84,am,29,203,0,2
oakMargin,84,am,29,203,0,3
oakMargin,84,am,29,203,0,4
oakMargin,84,am,29,203,0,5
oakMargin,84,am,29,203,0,6
oakMargin,84,am,29,203,1,7
oakMargin,84,am,29,203,0,8
oakMargin,84,am,29,203,0,9
oakMargin,84,am,29,203,1,10
oakMargin,87,am,29,203,0,1
oakMargin,87,am,29,203,0,2
oakMargin,87,am,29,203,0,3
oakMargin,87,am,29,203,0,4
oakMargin,87,am,29,203,0,5
oakMargin,87,am,29,203,0,6
oakMargin,87,am,29,203,0,7
oakMargin,87,am,29,203,0,8
oakMargin,87,am,29,203,0,9
oakMargin,87,am,29,203,0,10
control,48,am,29,203,0,1
control,48,am,29,203,0,2
control,48,am,29,203,1,3
control,48,am,29,203,1,4
control,48,am,29,203,0,5
control,48,am,29,203,1,6
control,48,am,29,203,0,7
control,48,am,29,203,0,8
control,48,am,29,203,0,9
control,48,am,29,203,0,10
control,50,am,29,203,0,1
control,50,am,29,203,0,2
control,50,am,29,203,0,3
control,50,am,29,203,0,4
control,50,am,29,203,0,5
control,50,am,29,203,1,6
control,50,am,29,203,0,7
control,50,am,29,203,0,8
control,50,am,29,203,0,9
control,50,am,29,203,0,10
control,52,am,29,203,0,1
control,52,am,29,203,0,2
control,52,am,29,203,0,3
control,52,am,29,203,0,4
control,52,am,29,203,0,5
control,52,am,29,203,0,6
control,52,am,29,203,0,7
control,52,am,29,203,0,8
control,52,am,29,203,0,9
control,52,am,29,203,0,10
oakMargin,82,pm,29,203,0,1
oakMargin,82,pm,29,203,0,2
oakMargin,82,pm,29,203,0,3
oakMargin,82,pm,29,203,0,4
oakMargin,82,pm,29,203,0,5
oakMargin,82,pm,29,203,1,6
oakMargin,82,pm,29,203,1,7
oakMargin,82,pm,29,203,0,8
oakMargin,82,pm,29,203,0,9
oakMargin,82,pm,29,203,0,10
oakMargin,84,pm,29,203,0,1
oakMargin,84,pm,29,203,1,2
oakMargin,84,pm,29,203,0,3
oakMargin,84,pm,29,203,0,4
oakMargin,84,pm,29,203,0,5
oakMargin,84,pm,29,203,0,6
oakMargin,84,pm,29,203,2,7
oakMargin,84,pm,29,203,0,8
oakMargin,84,pm,29,203,0,9
oakMargin,84,pm,29,203,0,10
oakMargin,87,pm,29,203,0,1
oakMargin,87,pm,29,203,0,2
oakMargin,87,pm,29,203,0,3
oakMargin,87,pm,29,203,0,4
oakMargin,87,pm,29,203,0,5
oakMargin,87,pm,29,203,0,6
oakMargin,87,pm,29,203,0,7
oakMargin,87,pm,29,203,1,8
oakMargin,87,pm,29,203,0,9
oakMargin,87,pm,29,203,0,10
control,48,am,30,204,0,1
control,48,am,30,204,0,2
control,48,am,30,204,0,3
control,48,am,30,204,0,4
control,48,am,30,204,0,5
control,48,am,30,204,0,6
control,48,am,30,204,0,7
control,48,am,30,204,0,8
control,48,am,30,204,0,9
control,48,am,30,204,0,10
control,50,am,30,204,0,1
control,50,am,30,204,0,2
control,50,am,30,204,0,3
control,50,am,30,204,0,4
control,50,am,30,204,0,5
control,50,am,30,204,0,6
control,50,am,30,204,0,7
control,50,am,30,204,0,8
control,50,am,30,204,0,9
control,50,am,30,204,0,10
control,52,am,30,204,1,1
control,52,am,30,204,0,2
control,52,am,30,204,1,3
control,52,am,30,204,0,4
control,52,am,30,204,1,5
control,52,am,30,204,0,6
control,52,am,30,204,0,7
control,52,am,30,204,1,8
control,52,am,30,204,0,9
control,52,am,30,204,1,10
control,48,pm,30,204,0,1
control,48,pm,30,204,0,2
control,48,pm,30,204,1,3
control,48,pm,30,204,0,4
control,48,pm,30,204,0,5
control,48,pm,30,204,1,6
control,48,pm,30,204,1,7
control,48,pm,30,204,0,8
control,48,pm,30,204,0,9
control,48,pm,30,204,0,10
control,50,pm,30,204,0,1
control,50,pm,30,204,0,2
control,50,pm,30,204,0,3
control,50,pm,30,204,1,4
control,50,pm,30,204,0,5
control,50,pm,30,204,0,6
control,50,pm,30,204,0,7
control,50,pm,30,204,1,8
control,50,pm,30,204,0,9
control,50,pm,30,204,0,10
control,52,pm,30,204,0,1
control,52,pm,30,204,0,2
control,52,pm,30,204,0,3
control,52,pm,30,204,0,4
control,52,pm,30,204,1,5
control,52,pm,30,204,0,6
control,52,pm,30,204,0,7
control,52,pm,30,204,1,8
control,52,pm,30,204,1,9
control,52,pm,30,204,0,10
oakMargin,82,am,30,204,1,1
oakMargin,82,am,30,204,0,2
oakMargin,82,am,30,204,0,3
oakMargin,82,am,30,204,0,4
oakMargin,82,am,30,204,0,5
oakMargin,82,am,30,204,1,6
oakMargin,82,am,30,204,0,7
oakMargin,82,am,30,204,0,8
oakMargin,82,am,30,204,0,9
oakMargin,82,am,30,204,0,10
oakMargin,84,am,30,204,1,1
oakMargin,84,am,30,204,0,2
oakMargin,84,am,30,204,0,3
oakMargin,84,am,30,204,0,4
oakMargin,84,am,30,204,0,5
oakMargin,84,am,30,204,0,6
oakMargin,84,am,30,204,1,7
oakMargin,84,am,30,204,0,8
oakMargin,84,am,30,204,1,9
oakMargin,84,am,30,204,0,10
oakMargin,87,am,30,204,0,1
oakMargin,87,am,30,204,0,2
oakMargin,87,am,30,204,0,3
oakMargin,87,am,30,204,0,4
oakMargin,87,am,30,204,0,5
oakMargin,87,am,30,204,0,6
oakMargin,87,am,30,204,0,7
oakMargin,87,am,30,204,0,8
oakMargin,87,am,30,204,0,9
oakMargin,87,am,30,204,0,10
oakMargin,82,pm,30,204,0,1
oakMargin,82,pm,30,204,0,2
oakMargin,82,pm,30,204,0,3
oakMargin,82,pm,30,204,0,4
oakMargin,82,pm,30,204,1,5
oakMargin,82,pm,30,204,0,6
oakMargin,82,pm,30,204,0,7
oakMargin,82,pm,30,204,0,8
oakMargin,82,pm,30,204,0,9
oakMargin,82,pm,30,204,0,10
oakMargin,84,pm,30,204,0,1
oakMargin,84,pm,30,204,0,2
oakMargin,84,pm,30,204,0,3
oakMargin,84,pm,30,204,0,4
oakMargin,84,pm,30,204,1,5
oakMargin,84,pm,30,204,0,6
oakMargin,84,pm,30,204,1,7
oakMargin,84,pm,30,204,0,8
oakMargin,84,pm,30,204,0,9
oakMargin,84,pm,30,204,0,10
oakMargin,87,pm,30,204,0,1
oakMargin,87,pm,30,204,0,2
oakMargin,87,pm,30,204,0,3
oakMargin,87,pm,30,204,0,4
oakMargin,87,pm,30,204,0,5
oakMargin,87,pm,30,204,0,6
oakMargin,87,pm,30,204,0,7
oakMargin,87,pm,30,204,0,8
oakMargin,87,pm,30,204,0,9
oakMargin,87,pm,30,204,0,10
control,48,pm,30,205,0,1
control,48,pm,30,205,0,2
control,48,pm,30,205,0,3
control,48,pm,30,205,0,4
control,48,pm,30,205,0,5
control,48,pm,30,205,0,6
control,48,pm,30,205,0,7
control,48,pm,30,205,0,8
control,48,pm,30,205,0,9
control,48,pm,30,205,0,10
control,50,pm,30,205,0,1
control,50,pm,30,205,0,2
control,50,pm,30,205,0,3
control,50,pm,30,205,0,4
control,50,pm,30,205,0,5
control,50,pm,30,205,0,6
control,50,pm,30,205,0,7
control,50,pm,30,205,1,8
control,50,pm,30,205,1,9
control,50,pm,30,205,0,10
control,52,pm,30,205,0,1
control,52,pm,30,205,0,2
control,52,pm,30,205,0,3
control,52,pm,30,205,0,4
control,52,pm,30,205,0,5
control,52,pm,30,205,0,6
control,52,pm,30,205,0,7
control,52,pm,30,205,0,8
control,52,pm,30,205,0,9
control,52,pm,30,205,0,10
oakMargin,82,am,30,205,0,1
oakMargin,82,am,30,205,0,2
oakMargin,82,am,30,205,0,3
oakMargin,82,am,30,205,0,4
oakMargin,82,am,30,205,0,5
oakMargin,82,am,30,205,0,6
oakMargin,82,am,30,205,0,7
oakMargin,82,am,30,205,0,8
oakMargin,82,am,30,205,0,9
oakMargin,82,am,30,205,1,10
oakMargin,84,am,30,205,0,1
oakMargin,84,am,30,205,0,2
oakMargin,84,am,30,205,0,3
oakMargin,84,am,30,205,0,4
oakMargin,84,am,30,205,0,5
oakMargin,84,am,30,205,0,6
oakMargin,84,am,30,205,1,7
oakMargin,84,am,30,205,0,8
oakMargin,84,am,30,205,0,9
oakMargin,84,am,30,205,0,10
oakMargin,87,am,30,205,0,1
oakMargin,87,am,30,205,0,2
oakMargin,87,am,30,205,0,3
oakMargin,87,am,30,205,0,4
oakMargin,87,am,30,205,0,5
oakMargin,87,am,30,205,0,6
oakMargin,87,am,30,205,0,7
oakMargin,87,am,30,205,0,8
oakMargin,87,am,30,205,0,9
oakMargin,87,am,30,205,0,10
oakMargin,82,pm,30,205,0,1
oakMargin,82,pm,30,205,0,2
oakMargin,82,pm,30,205,0,3
oakMargin,82,pm,30,205,0,4
oakMargin,82,pm,30,205,0,5
oakMargin,82,pm,30,205,1,6
oakMargin,82,pm,30,205,0,7
oakMargin,82,pm,30,205,0,8
oakMargin,82,pm,30,205,0,9
oakMargin,82,pm,30,205,0,10
oakMargin,84,pm,30,205,0,1
oakMargin,84,pm,30,205,0,2
oakMargin,84,pm,30,205,0,3
oakMargin,84,pm,30,205,0,4
oakMargin,84,pm,30,205,0,5
oakMargin,84,pm,30,205,0,6
oakMargin,84,pm,30,205,0,7
oakMargin,84,pm,30,205,0,8
oakMargin,84,pm,30,205,0,9
oakMargin,84,pm,30,205,0,10
oakMargin,87,pm,30,205,0,1
oakMargin,87,pm,30,205,0,2
oakMargin,87,pm,30,205,0,3
oakMargin,87,pm,30,205,0,4
oakMargin,87,pm,30,205,0,5
oakMargin,87,pm,30,205,0,6
oakMargin,87,pm,30,205,0,7
oakMargin,87,pm,30,205,0,8
oakMargin,87,pm,30,205,0,9
oakMargin,87,pm,30,205,0,10
control,48,am,30,205,0,1
control,48,am,30,205,0,2
control,48,am,30,205,1,3
control,48,am,30,205,0,4
control,48,am,30,205,0,5
control,48,am,30,205,0,6
control,48,am,30,205,0,7
control,48,am,30,205,0,8
control,48,am,30,205,0,9
control,48,am,30,205,0,10
control,50,am,30,205,0,1
control,50,am,30,205,0,2
control,50,am,30,205,0,3
control,50,am,30,205,0,4
control,50,am,30,205,0,5
control,50,am,30,205,0,6
control,50,am,30,205,0,7
control,50,am,30,205,0,8
control,50,am,30,205,0,9
control,50,am,30,205,0,10
control,52,am,30,205,0,1
control,52,am,30,205,0,2
control,52,am,30,205,0,3
control,52,am,30,205,0,4
control,52,am,30,205,0,5
control,52,am,30,205,1,6
control,52,am,30,205,0,7
control,52,am,30,205,0,8
control,52,am,30,205,0,9
control,52,am,30,205,2,10
oakMargin,82,am,30,206,0,1
oakMargin,82,am,30,206,0,2
oakMargin,82,am,30,206,0,3
oakMargin,82,am,30,206,0,4
oakMargin,82,am,30,206,0,5
oakMargin,82,am,30,206,0,6
oakMargin,82,am,30,206,0,7
oakMargin,82,am,30,206,0,8
oakMargin,82,am,30,206,0,9
oakMargin,82,am,30,206,0,10
oakMargin,84,am,30,206,0,1
oakMargin,84,am,30,206,0,2
oakMargin,84,am,30,206,0,3
oakMargin,84,am,30,206,0,4
oakMargin,84,am,30,206,0,5
oakMargin,84,am,30,206,0,6
oakMargin,84,am,30,206,0,7
oakMargin,84,am,30,206,0,8
oakMargin,84,am,30,206,0,9
oakMargin,84,am,30,206,0,10
oakMargin,87,am,30,206,0,1
oakMargin,87,am,30,206,0,2
oakMargin,87,am,30,206,0,3
oakMargin,87,am,30,206,0,4
oakMargin,87,am,30,206,0,5
oakMargin,87,am,30,206,0,6
oakMargin,87,am,30,206,0,7
oakMargin,87,am,30,206,0,8
oakMargin,87,am,30,206,0,9
oakMargin,87,am,30,206,0,10
control,48,pm,30,206,0,1
control,48,pm,30,206,0,2
control,48,pm,30,206,0,3
control,48,pm,30,206,0,4
control,48,pm,30,206,0,5
control,48,pm,30,206,1,6
control,48,pm,30,206,0,7
control,48,pm,30,206,0,8
control,48,pm,30,206,0,9
control,48,pm,30,206,0,10
control,50,pm,30,206,0,1
control,50,pm,30,206,0,2
control,50,pm,30,206,0,3
control,50,pm,30,206,0,4
control,50,pm,30,206,0,5
control,50,pm,30,206,0,6
control,50,pm,30,206,0,7
control,50,pm,30,206,0,8
control,50,pm,30,206,0,9
control,50,pm,30,206,0,10
control,52,pm,30,206,0,1
control,52,pm,30,206,0,2
control,52,pm,30,206,0,3
control,52,pm,30,206,0,4
control,52,pm,30,206,0,5
control,52,pm,30,206,0,6
control,52,pm,30,206,0,7
control,52,pm,30,206,0,8
control,52,pm,30,206,0,9
control,52,pm,30,206,0,10
control,48,am,30,206,0,1
control,48,am,30,206,0,2
control,48,am,30,206,0,3
control,48,am,30,206,0,4
control,48,am,30,206,0,5
control,48,am,30,206,0,6
control,48,am,30,206,0,7
control,48,am,30,206,0,8
control,48,am,30,206,0,9
control,48,am,30,206,0,10
control,50,am,30,206,0,1
control,50,am,30,206,0,2
control,50,am,30,206,0,3
control,50,am,30,206,0,4
control,50,am,30,206,0,5
control,50,am,30,206,0,6
control,50,am,30,206,0,7
control,50,am,30,206,0,8
control,50,am,30,206,0,9
control,50,am,30,206,0,10
control,52,am,30,206,0,1
control,52,am,30,206,0,2
control,52,am,30,206,0,3
control,52,am,30,206,0,4
control,52,am,30,206,0,5
control,52,am,30,206,0,6
control,52,am,30,206,0,7
control,52,am,30,206,0,8
control,52,am,30,206,0,9
control,52,am,30,206,1,10
oakMargin,82,pm,30,206,0,1
oakMargin,82,pm,30,206,0,2
oakMargin,82,pm,30,206,0,3
oakMargin,82,pm,30,206,0,4
oakMargin,82,pm,30,206,0,5
oakMargin,82,pm,30,206,0,6
oakMargin,82,pm,30,206,0,7
oakMargin,82,pm,30,206,0,8
oakMargin,82,pm,30,206,0,9
oakMargin,82,pm,30,206,0,10
oakMargin,84,pm,30,206,0,1
oakMargin,84,pm,30,206,0,2
oakMargin,84,pm,30,206,0,3
oakMargin,84,pm,30,206,0,4
oakMargin,84,pm,30,206,0,5
oakMargin,84,pm,30,206,0,6
oakMargin,84,pm,30,206,1,7
oakMargin,84,pm,30,206,0,8
oakMargin,84,pm,30,206,0,9
oakMargin,84,pm,30,206,0,10
oakMargin,87,pm,30,206,0,1
oakMargin,87,pm,30,206,0,2
oakMargin,87,pm,30,206,0,3
oakMargin,87,pm,30,206,0,4
oakMargin,87,pm,30,206,1,5
oakMargin,87,pm,30,206,0,6
oakMargin,87,pm,30,206,0,7
oakMargin,87,pm,30,206,0,8
oakMargin,87,pm,30,206,0,9
oakMargin,87,pm,30,206,0,10
control,47,pm,31,212,0,1
control,47,pm,31,212,0,2
control,47,pm,31,212,0,3
control,47,pm,31,212,0,4
control,47,pm,31,212,0,5
control,47,pm,31,212,0,6
control,47,pm,31,212,0,7
control,47,pm,31,212,0,8
control,47,pm,31,212,0,9
control,47,pm,31,212,0,10
control,49,pm,31,212,0,1
control,49,pm,31,212,0,2
control,49,pm,31,212,0,3
control,49,pm,31,212,0,4
control,49,pm,31,212,0,5
control,49,pm,31,212,0,6
control,49,pm,31,212,0,7
control,49,pm,31,212,0,8
control,49,pm,31,212,0,9
control,49,pm,31,212,0,10
control,51,pm,31,212,0,1
control,51,pm,31,212,0,2
control,51,pm,31,212,0,3
control,51,pm,31,212,0,4
control,51,pm,31,212,1,5
control,51,pm,31,212,0,6
control,51,pm,31,212,0,7
control,51,pm,31,212,0,8
control,51,pm,31,212,0,9
control,51,pm,31,212,0,10
control,47,am,31,212,0,1
control,47,am,31,212,0,2
control,47,am,31,212,0,3
control,47,am,31,212,0,4
control,47,am,31,212,0,5
control,47,am,31,212,0,6
control,47,am,31,212,0,7
control,47,am,31,212,0,8
control,47,am,31,212,0,9
control,47,am,31,212,0,10
control,49,am,31,212,0,1
control,49,am,31,212,0,2
control,49,am,31,212,0,3
control,49,am,31,212,0,4
control,49,am,31,212,0,5
control,49,am,31,212,0,6
control,49,am,31,212,0,7
control,49,am,31,212,0,8
control,49,am,31,212,0,9
control,49,am,31,212,0,10
control,51,am,31,212,0,1
control,51,am,31,212,0,2
control,51,am,31,212,0,3
control,51,am,31,212,0,4
control,51,am,31,212,0,5
control,51,am,31,212,0,6
control,51,am,31,212,0,7
control,51,am,31,212,1,8
control,51,am,31,212,0,9
control,51,am,31,212,1,10
oakMargin,79,am,31,212,0,1
oakMargin,79,am,31,212,0,2
oakMargin,79,am,31,212,0,3
oakMargin,79,am,31,212,0,4
oakMargin,79,am,31,212,0,5
oakMargin,79,am,31,212,0,6
oakMargin,79,am,31,212,0,7
oakMargin,79,am,31,212,0,8
oakMargin,79,am,31,212,0,9
oakMargin,79,am,31,212,0,10
oakMargin,81,am,31,212,0,1
oakMargin,81,am,31,212,1,2
oakMargin,81,am,31,212,0,3
oakMargin,81,am,31,212,0,4
oakMargin,81,am,31,212,0,5
oakMargin,81,am,31,212,0,6
oakMargin,81,am,31,212,0,7
oakMargin,81,am,31,212,0,8
oakMargin,81,am,31,212,0,9
oakMargin,81,am,31,212,0,10
oakMargin,83,am,31,212,0,1
oakMargin,83,am,31,212,0,2
oakMargin,83,am,31,212,0,3
oakMargin,83,am,31,212,0,4
oakMargin,83,am,31,212,0,5
oakMargin,83,am,31,212,0,6
oakMargin,83,am,31,212,1,7
oakMargin,83,am,31,212,0,8
oakMargin,83,am,31,212,0,9
oakMargin,83,am,31,212,0,10
oakMargin,79,pm,31,212,0,1
oakMargin,79,pm,31,212,0,2
oakMargin,79,pm,31,212,1,3
oakMargin,79,pm,31,212,0,4
oakMargin,79,pm,31,212,1,5
oakMargin,79,pm,31,212,0,6
oakMargin,79,pm,31,212,0,7
oakMargin,79,pm,31,212,0,8
oakMargin,79,pm,31,212,0,9
oakMargin,79,pm,31,212,0,10
oakMargin,81,pm,31,212,0,1
oakMargin,81,pm,31,212,0,2
oakMargin,81,pm,31,212,0,3
oakMargin,81,pm,31,212,0,4
oakMargin,81,pm,31,212,0,5
oakMargin,81,pm,31,212,0,6
oakMargin,81,pm,31,212,0,7
oakMargin,81,pm,31,212,0,8
oakMargin,81,pm,31,212,0,9
oakMargin,81,pm,31,212,0,10
oakMargin,83,pm,31,212,0,1
oakMargin,83,pm,31,212,0,2
oakMargin,83,pm,31,212,0,3
oakMargin,83,pm,31,212,0,4
oakMargin,83,pm,31,212,0,5
oakMargin,83,pm,31,212,0,6
oakMargin,83,pm,31,212,1,7
oakMargin,83,pm,31,212,0,8
oakMargin,83,pm,31,212,0,9
oakMargin,83,pm,31,212,0,10
control,47,am,31,213,0,1
control,47,am,31,213,0,2
control,47,am,31,213,0,3
control,47,am,31,213,0,4
control,47,am,31,213,0,5
control,47,am,31,213,0,6
control,47,am,31,213,0,7
control,47,am,31,213,0,8
control,47,am,31,213,2,9
control,47,am,31,213,0,10
control,49,am,31,213,0,1
control,49,am,31,213,0,2
control,49,am,31,213,1,3
control,49,am,31,213,0,4
control,49,am,31,213,0,5
control,49,am,31,213,0,6
control,49,am,31,213,0,7
control,49,am,31,213,0,8
control,49,am,31,213,1,9
control,49,am,31,213,0,10
control,51,am,31,213,0,1
control,51,am,31,213,0,2
control,51,am,31,213,0,3
control,51,am,31,213,0,4
control,51,am,31,213,0,5
control,51,am,31,213,0,6
control,51,am,31,213,0,7
control,51,am,31,213,3,8
control,51,am,31,213,0,9
control,51,am,31,213,0,10
oakMargin,79,pm,31,213,0,1
oakMargin,79,pm,31,213,0,2
oakMargin,79,pm,31,213,1,3
oakMargin,79,pm,31,213,0,4
oakMargin,79,pm,31,213,0,5
oakMargin,79,pm,31,213,0,6
oakMargin,79,pm,31,213,0,7
oakMargin,79,pm,31,213,0,8
oakMargin,79,pm,31,213,0,9
oakMargin,79,pm,31,213,0,10
oakMargin,81,pm,31,213,0,1
oakMargin,81,pm,31,213,0,2
oakMargin,81,pm,31,213,0,3
oakMargin,81,pm,31,213,0,4
oakMargin,81,pm,31,213,0,5
oakMargin,81,pm,31,213,0,6
oakMargin,81,pm,31,213,0,7
oakMargin,81,pm,31,213,1,8
oakMargin,81,pm,31,213,0,9
oakMargin,81,pm,31,213,0,10
oakMargin,83,pm,31,213,0,1
oakMargin,83,pm,31,213,0,2
oakMargin,83,pm,31,213,0,3
oakMargin,83,pm,31,213,0,4
oakMargin,83,pm,31,213,0,5
oakMargin,83,pm,31,213,0,6
oakMargin,83,pm,31,213,0,7
oakMargin,83,pm,31,213,0,8
oakMargin,83,pm,31,213,0,9
oakMargin,83,pm,31,213,0,10
oakMargin,79,am,31,213,0,1
oakMargin,79,am,31,213,0,2
oakMargin,79,am,31,213,0,3
oakMargin,79,am,31,213,0,4
oakMargin,79,am,31,213,0,5
oakMargin,79,am,31,213,0,6
oakMargin,79,am,31,213,0,7
oakMargin,79,am,31,213,0,8
oakMargin,79,am,31,213,0,9
oakMargin,79,am,31,213,0,10
oakMargin,81,am,31,213,0,1
oakMargin,81,am,31,213,0,2
oakMargin,81,am,31,213,0,3
oakMargin,81,am,31,213,0,4
oakMargin,81,am,31,213,0,5
oakMargin,81,am,31,213,0,6
oakMargin,81,am,31,213,0,7
oakMargin,81,am,31,213,0,8
oakMargin,81,am,31,213,0,9
oakMargin,81,am,31,213,0,10
oakMargin,83,am,31,213,0,1
oakMargin,83,am,31,213,0,2
oakMargin,83,am,31,213,0,3
oakMargin,83,am,31,213,0,4
oakMargin,83,am,31,213,0,5
oakMargin,83,am,31,213,0,6
oakMargin,83,am,31,213,0,7
oakMargin,83,am,31,213,0,8
oakMargin,83,am,31,213,0,9
oakMargin,83,am,31,213,1,10
control,47,pm,31,213,0,1
control,47,pm,31,213,0,2
control,47,pm,31,213,0,3
control,47,pm,31,213,0,4
control,47,pm,31,213,0,5
control,47,pm,31,213,0,6
control,47,pm,31,213,0,7
control,47,pm,31,213,0,8
control,47,pm,31,213,0,9
control,47,pm,31,213,0,10
control,49,pm,31,213,0,1
control,49,pm,31,213,0,2
control,49,pm,31,213,0,3
control,49,pm,31,213,0,4
control,49,pm,31,213,0,5
control,49,pm,31,213,0,6
control,49,pm,31,213,0,7
control,49,pm,31,213,0,8
control,49,pm,31,213,0,9
control,49,pm,31,213,0,10
control,51,pm,31,213,0,1
control,51,pm,31,213,0,2
control,51,pm,31,213,0,3
control,51,pm,31,213,0,4
control,51,pm,31,213,0,5
control,51,pm,31,213,0,6
control,51,pm,31,213,0,7
control,51,pm,31,213,1,8
control,51,pm,31,213,0,9
control,51,pm,31,213,0,10
oakMargin,79,am,31,214,0,1
oakMargin,79,am,31,214,0,2
oakMargin,79,am,31,214,0,3
oakMargin,79,am,31,214,0,4
oakMargin,79,am,31,214,0,5
oakMargin,79,am,31,214,0,6
oakMargin,79,am,31,214,0,7
oakMargin,79,am,31,214,0,8
oakMargin,79,am,31,214,0,9
oakMargin,79,am,31,214,1,10
oakMargin,81,am,31,214,0,1
oakMargin,81,am,31,214,0,2
oakMargin,81,am,31,214,0,3
oakMargin,81,am,31,214,0,4
oakMargin,81,am,31,214,0,5
oakMargin,81,am,31,214,0,6
oakMargin,81,am,31,214,0,7
oakMargin,81,am,31,214,0,8
oakMargin,81,am,31,214,0,9
oakMargin,81,am,31,214,0,10
oakMargin,83,am,31,214,0,1
oakMargin,83,am,31,214,0,2
oakMargin,83,am,31,214,0,3
oakMargin,83,am,31,214,0,4
oakMargin,83,am,31,214,0,5
oakMargin,83,am,31,214,0,6
oakMargin,83,am,31,214,0,7
oakMargin,83,am,31,214,0,8
oakMargin,83,am,31,214,0,9
oakMargin,83,am,31,214,0,10
control,47,pm,31,214,0,1
control,47,pm,31,214,0,2
control,47,pm,31,214,0,3
control,47,pm,31,214,0,4
control,47,pm,31,214,0,5
control,47,pm,31,214,1,6
control,47,pm,31,214,0,7
control,47,pm,31,214,0,8
control,47,pm,31,214,0,9
control,47,pm,31,214,0,10
control,49,pm,31,214,0,1
control,49,pm,31,214,0,2
control,49,pm,31,214,0,3
control,49,pm,31,214,0,4
control,49,pm,31,214,0,5
control,49,pm,31,214,0,6
control,49,pm,31,214,0,7
control,49,pm,31,214,0,8
control,49,pm,31,214,0,9
control,49,pm,31,214,0,10
control,51,pm,31,214,0,1
control,51,pm,31,214,0,2
control,51,pm,31,214,0,3
control,51,pm,31,214,0,4
control,51,pm,31,214,1,5
control,51,pm,31,214,0,6
control,51,pm,31,214,0,7
control,51,pm,31,214,0,8
control,51,pm,31,214,0,9
control,51,pm,31,214,0,10
control,47,am,31,214,0,1
control,47,am,31,214,0,2
control,47,am,31,214,0,3
control,47,am,31,214,0,4
control,47,am,31,214,1,5
control,47,am,31,214,0,6
control,47,am,31,214,0,7
control,47,am,31,214,0,8
control,47,am,31,214,0,9
control,47,am,31,214,0,10
control,49,am,31,214,0,1
control,49,am,31,214,1,2
control,49,am,31,214,0,3
control,49,am,31,214,0,4
control,49,am,31,214,0,5
control,49,am,31,214,0,6
control,49,am,31,214,0,7
control,49,am,31,214,0,8
control,49,am,31,214,0,9
control,49,am,31,214,0,10
control,51,am,31,214,0,1
control,51,am,31,214,0,2
control,51,am,31,214,1,3
control,51,am,31,214,0,4
control,51,am,31,214,0,5
control,51,am,31,214,0,6
control,51,am,31,214,0,7
control,51,am,31,214,0,8
control,51,am,31,214,0,9
control,51,am,31,214,0,10
oakMargin,79,pm,31,214,0,1
oakMargin,79,pm,31,214,0,2
oakMargin,79,pm,31,214,0,3
oakMargin,79,pm,31,214,0,4
oakMargin,79,pm,31,214,0,5
oakMargin,79,pm,31,214,0,6
oakMargin,79,pm,31,214,0,7
oakMargin,79,pm,31,214,0,8
oakMargin,79,pm,31,214,0,9
oakMargin,79,pm,31,214,0,10
oakMargin,81,pm,31,214,0,1
oakMargin,81,pm,31,214,0,2
oakMargin,81,pm,31,214,0,3
oakMargin,81,pm,31,214,0,4
oakMargin,81,pm,31,214,0,5
oakMargin,81,pm,31,214,0,6
oakMargin,81,pm,31,214,0,7
oakMargin,81,pm,31,214,0,8
oakMargin,81,pm,31,214,0,9
oakMargin,81,pm,31,214,0,10
oakMargin,83,pm,31,214,0,1
oakMargin,83,pm,31,214,0,2
oakMargin,83,pm,31,214,1,3
oakMargin,83,pm,31,214,1,4
oakMargin,83,pm,31,214,0,5
oakMargin,83,pm,31,214,0,6
oakMargin,83,pm,31,214,0,7
oakMargin,83,pm,31,214,0,8
oakMargin,83,pm,31,214,0,9
oakMargin,83,pm,31,214,0,10
control,46,am,32,218,0,1
control,46,am,32,218,0,2
control,46,am,32,218,0,3
control,46,am,32,218,0,4
control,46,am,32,218,0,5
control,46,am,32,218,0,6
control,46,am,32,218,0,7
control,46,am,32,218,0,8
control,46,am,32,218,0,9
control,46,am,32,218,0,10
control,48,am,32,218,1,1
control,48,am,32,218,0,2
control,48,am,32,218,0,3
control,48,am,32,218,0,4
control,48,am,32,218,0,5
control,48,am,32,218,0,6
control,48,am,32,218,0,7
control,48,am,32,218,0,8
control,48,am,32,218,0,9
control,48,am,32,218,0,10
control,50,am,32,218,0,1
control,50,am,32,218,0,2
control,50,am,32,218,0,3
control,50,am,32,218,0,4
control,50,am,32,218,0,5
control,50,am,32,218,0,6
control,50,am,32,218,0,7
control,50,am,32,218,0,8
control,50,am,32,218,0,9
control,50,am,32,218,0,10
oakMargin,80,pm,32,218,0,1
oakMargin,80,pm,32,218,0,2
oakMargin,80,pm,32,218,0,3
oakMargin,80,pm,32,218,1,4
oakMargin,80,pm,32,218,0,5
oakMargin,80,pm,32,218,0,6
oakMargin,80,pm,32,218,0,7
oakMargin,80,pm,32,218,0,8
oakMargin,80,pm,32,218,0,9
oakMargin,80,pm,32,218,0,10
oakMargin,82,pm,32,218,0,1
oakMargin,82,pm,32,218,0,2
oakMargin,82,pm,32,218,0,3
oakMargin,82,pm,32,218,0,4
oakMargin,82,pm,32,218,0,5
oakMargin,82,pm,32,218,0,6
oakMargin,82,pm,32,218,0,7
oakMargin,82,pm,32,218,0,8
oakMargin,82,pm,32,218,0,9
oakMargin,82,pm,32,218,0,10
oakMargin,84,pm,32,218,0,1
oakMargin,84,pm,32,218,0,2
oakMargin,84,pm,32,218,0,3
oakMargin,84,pm,32,218,0,4
oakMargin,84,pm,32,218,0,5
oakMargin,84,pm,32,218,0,6
oakMargin,84,pm,32,218,1,7
oakMargin,84,pm,32,218,0,8
oakMargin,84,pm,32,218,0,9
oakMargin,84,pm,32,218,0,10
oakMargin,80,am,32,218,0,1
oakMargin,80,am,32,218,0,2
oakMargin,80,am,32,218,0,3
oakMargin,80,am,32,218,0,4
oakMargin,80,am,32,218,0,5
oakMargin,80,am,32,218,0,6
oakMargin,80,am,32,218,0,7
oakMargin,80,am,32,218,0,8
oakMargin,80,am,32,218,0,9
oakMargin,80,am,32,218,0,10
oakMargin,82,am,32,218,0,1
oakMargin,82,am,32,218,0,2
oakMargin,82,am,32,218,0,3
oakMargin,82,am,32,218,0,4
oakMargin,82,am,32,218,0,5
oakMargin,82,am,32,218,0,6
oakMargin,82,am,32,218,0,7
oakMargin,82,am,32,218,0,8
oakMargin,82,am,32,218,1,9
oakMargin,82,am,32,218,0,10
oakMargin,84,am,32,218,0,1
oakMargin,84,am,32,218,0,2
oakMargin,84,am,32,218,0,3
oakMargin,84,am,32,218,0,4
oakMargin,84,am,32,218,0,5
oakMargin,84,am,32,218,0,6
oakMargin,84,am,32,218,0,7
oakMargin,84,am,32,218,0,8
oakMargin,84,am,32,218,0,9
oakMargin,84,am,32,218,0,10
control,46,pm,32,218,0,1
control,46,pm,32,218,0,2
control,46,pm,32,218,0,3
control,46,pm,32,218,0,4
control,46,pm,32,218,0,5
control,46,pm,32,218,0,6
control,46,pm,32,218,0,7
control,46,pm,32,218,0,8
control,46,pm,32,218,0,9
control,46,pm,32,218,0,10
control,48,pm,32,218,0,1
control,48,pm,32,218,0,2
control,48,pm,32,218,0,3
control,48,pm,32,218,0,4
control,48,pm,32,218,0,5
control,48,pm,32,218,0,6
control,48,pm,32,218,0,7
control,48,pm,32,218,0,8
control,48,pm,32,218,0,9
control,48,pm,32,218,0,10
control,50,pm,32,218,0,1
control,50,pm,32,218,0,2
control,50,pm,32,218,0,3
control,50,pm,32,218,0,4
control,50,pm,32,218,0,5
control,50,pm,32,218,0,6
control,50,pm,32,218,0,7
control,50,pm,32,218,1,8
control,50,pm,32,218,0,9
control,50,pm,32,218,0,10
oakMargin,80,am,32,219,0,1
oakMargin,80,am,32,219,0,2
oakMargin,80,am,32,219,0,3
oakMargin,80,am,32,219,0,4
oakMargin,80,am,32,219,0,5
oakMargin,80,am,32,219,0,6
oakMargin,80,am,32,219,0,7
oakMargin,80,am,32,219,0,8
oakMargin,80,am,32,219,0,9
oakMargin,80,am,32,219,0,10
oakMargin,82,am,32,219,0,1
oakMargin,82,am,32,219,0,2
oakMargin,82,am,32,219,0,3
oakMargin,82,am,32,219,0,4
oakMargin,82,am,32,219,0,5
oakMargin,82,am,32,219,0,6
oakMargin,82,am,32,219,0,7
oakMargin,82,am,32,219,0,8
oakMargin,82,am,32,219,0,9
oakMargin,82,am,32,219,0,10
oakMargin,84,am,32,219,1,1
oakMargin,84,am,32,219,0,2
oakMargin,84,am,32,219,0,3
oakMargin,84,am,32,219,0,4
oakMargin,84,am,32,219,0,5
oakMargin,84,am,32,219,0,6
oakMargin,84,am,32,219,0,7
oakMargin,84,am,32,219,0,8
oakMargin,84,am,32,219,0,9
oakMargin,84,am,32,219,0,10
oakMargin,80,pm,32,219,1,1
oakMargin,80,pm,32,219,0,2
oakMargin,80,pm,32,219,0,3
oakMargin,80,pm,32,219,0,4
oakMargin,80,pm,32,219,0,5
oakMargin,80,pm,32,219,0,6
oakMargin,80,pm,32,219,0,7
oakMargin,80,pm,32,219,0,8
oakMargin,80,pm,32,219,0,9
oakMargin,80,pm,32,219,0,10
oakMargin,82,pm,32,219,0,1
oakMargin,82,pm,32,219,0,2
oakMargin,82,pm,32,219,0,3
oakMargin,82,pm,32,219,0,4
oakMargin,82,pm,32,219,0,5
oakMargin,82,pm,32,219,1,6
oakMargin,82,pm,32,219,1,7
oakMargin,82,pm,32,219,0,8
oakMargin,82,pm,32,219,0,9
oakMargin,82,pm,32,219,0,10
oakMargin,84,pm,32,219,0,1
oakMargin,84,pm,32,219,0,2
oakMargin,84,pm,32,219,0,3
oakMargin,84,pm,32,219,1,4
oakMargin,84,pm,32,219,0,5
oakMargin,84,pm,32,219,1,6
oakMargin,84,pm,32,219,0,7
oakMargin,84,pm,32,219,0,8
oakMargin,84,pm,32,219,0,9
oakMargin,84,pm,32,219,0,10
control,46,am,32,219,0,1
control,46,am,32,219,0,2
control,46,am,32,219,0,3
control,46,am,32,219,0,4
control,46,am,32,219,0,5
control,46,am,32,219,0,6
control,46,am,32,219,1,7
control,46,am,32,219,0,8
control,46,am,32,219,0,9
control,46,am,32,219,0,10
control,48,am,32,219,0,1
control,48,am,32,219,0,2
control,48,am,32,219,0,3
control,48,am,32,219,0,4
control,48,am,32,219,0,5
control,48,am,32,219,0,6
control,48,am,32,219,0,7
control,48,am,32,219,0,8
control,48,am,32,219,0,9
control,48,am,32,219,0,10
control,50,am,32,219,0,1
control,50,am,32,219,0,2
control,50,am,32,219,0,3
control,50,am,32,219,0,4
control,50,am,32,219,0,5
control,50,am,32,219,0,6
control,50,am,32,219,0,7
control,50,am,32,219,1,8
control,50,am,32,219,0,9
control,50,am,32,219,0,10
control,46,pm,32,219,0,1
control,46,pm,32,219,0,2
control,46,pm,32,219,0,3
control,46,pm,32,219,0,4
control,46,pm,32,219,0,5
control,46,pm,32,219,0,6
control,46,pm,32,219,0,7
control,46,pm,32,219,0,8
control,46,pm,32,219,0,9
control,46,pm,32,219,1,10
control,48,pm,32,219,0,1
control,48,pm,32,219,0,2
control,48,pm,32,219,1,3
control,48,pm,32,219,0,4
control,48,pm,32,219,0,5
control,48,pm,32,219,0,6
control,48,pm,32,219,0,7
control,48,pm,32,219,1,8
control,48,pm,32,219,0,9
control,48,pm,32,219,0,10
control,50,pm,32,219,0,1
control,50,pm,32,219,0,2
control,50,pm,32,219,0,3
control,50,pm,32,219,0,4
control,50,pm,32,219,0,5
control,50,pm,32,219,0,6
control,50,pm,32,219,0,7
control,50,pm,32,219,1,8
control,50,pm,32,219,0,9
control,50,pm,32,219,1,10
oakMargin,80,am,32,220,0,1
oakMargin,80,am,32,220,0,2
oakMargin,80,am,32,220,0,3
oakMargin,80,am,32,220,0,4
oakMargin,80,am,32,220,0,5
oakMargin,80,am,32,220,0,6
oakMargin,80,am,32,220,0,7
oakMargin,80,am,32,220,0,8
oakMargin,80,am,32,220,0,9
oakMargin,80,am,32,220,0,10
oakMargin,82,am,32,220,0,1
oakMargin,82,am,32,220,0,2
oakMargin,82,am,32,220,0,3
oakMargin,82,am,32,220,0,4
oakMargin,82,am,32,220,0,5
oakMargin,82,am,32,220,0,6
oakMargin,82,am,32,220,0,7
oakMargin,82,am,32,220,0,8
oakMargin,82,am,32,220,0,9
oakMargin,82,am,32,220,0,10
oakMargin,84,am,32,220,0,1
oakMargin,84,am,32,220,0,2
oakMargin,84,am,32,220,0,3
oakMargin,84,am,32,220,0,4
oakMargin,84,am,32,220,0,5
oakMargin,84,am,32,220,0,6
oakMargin,84,am,32,220,0,7
oakMargin,84,am,32,220,0,8
oakMargin,84,am,32,220,0,9
oakMargin,84,am,32,220,0,10
oakMargin,80,pm,32,220,0,1
oakMargin,80,pm,32,220,0,2
oakMargin,80,pm,32,220,0,3
oakMargin,80,pm,32,220,0,4
oakMargin,80,pm,32,220,0,5
oakMargin,80,pm,32,220,0,6
oakMargin,80,pm,32,220,1,7
oakMargin,80,pm,32,220,0,8
oakMargin,80,pm,32,220,1,9
oakMargin,80,pm,32,220,0,10
oakMargin,82,pm,32,220,0,1
oakMargin,82,pm,32,220,0,2
oakMargin,82,pm,32,220,0,3
oakMargin,82,pm,32,220,0,4
oakMargin,82,pm,32,220,0,5
oakMargin,82,pm,32,220,0,6
oakMargin,82,pm,32,220,0,7
oakMargin,82,pm,32,220,0,8
oakMargin,82,pm,32,220,0,9
oakMargin,82,pm,32,220,0,10
oakMargin,84,pm,32,220,0,1
oakMargin,84,pm,32,220,0,2
oakMargin,84,pm,32,220,0,3
oakMargin,84,pm,32,220,0,4
oakMargin,84,pm,32,220,0,5
oakMargin,84,pm,32,220,0,6
oakMargin,84,pm,32,220,0,7
oakMargin,84,pm,32,220,0,8
oakMargin,84,pm,32,220,0,9
oakMargin,84,pm,32,220,0,10
control,46,am,32,220,0,1
control,46,am,32,220,1,2
control,46,am,32,220,0,3
control,46,am,32,220,0,4
control,46,am,32,220,0,5
control,46,am,32,220,0,6
control,46,am,32,220,0,7
control,46,am,32,220,0,8
control,46,am,32,220,0,9
control,46,am,32,220,0,10
control,48,am,32,220,0,1
control,48,am,32,220,0,2
control,48,am,32,220,0,3
control,48,am,32,220,0,4
control,48,am,32,220,0,5
control,48,am,32,220,0,6
control,48,am,32,220,0,7
control,48,am,32,220,0,8
control,48,am,32,220,0,9
control,48,am,32,220,0,10
control,50,am,32,220,0,1
control,50,am,32,220,0,2
control,50,am,32,220,0,3
control,50,am,32,220,0,4
control,50,am,32,220,0,5
control,50,am,32,220,0,6
control,50,am,32,220,0,7
control,50,am,32,220,0,8
control,50,am,32,220,0,9
control,50,am,32,220,0,10
control,46,pm,32,220,0,1
control,46,pm,32,220,0,2
control,46,pm,32,220,0,3
control,46,pm,32,220,0,4
control,46,pm,32,220,0,5
control,46,pm,32,220,0,6
control,46,pm,32,220,0,7
control,46,pm,32,220,0,8
control,46,pm,32,220,0,9
control,46,pm,32,220,0,10
control,48,pm,32,220,0,1
control,48,pm,32,220,0,2
control,48,pm,32,220,0,3
control,48,pm,32,220,0,4
control,48,pm,32,220,0,5
control,48,pm,32,220,0,6
control,48,pm,32,220,0,7
control,48,pm,32,220,0,8
control,48,pm,32,220,0,9
control,48,pm,32,220,0,10
control,50,pm,32,220,0,1
control,50,pm,32,220,0,2
control,50,pm,32,220,0,3
control,50,pm,32,220,0,4
control,50,pm,32,220,0,5
control,50,pm,32,220,0,6
control,50,pm,32,220,0,7
control,50,pm,32,220,0,8
control,50,pm,32,220,0,9
control,50,pm,32,220,0,10
oakMargin,81,pm,34,234,0,1
oakMargin,81,pm,34,234,0,2
oakMargin,81,pm,34,234,0,3
oakMargin,81,pm,34,234,0,4
oakMargin,81,pm,34,234,0,5
oakMargin,81,pm,34,234,0,6
oakMargin,81,pm,34,234,0,7
oakMargin,81,pm,34,234,0,8
oakMargin,81,pm,34,234,0,9
oakMargin,81,pm,34,234,0,10
oakMargin,83,pm,34,234,1,1
oakMargin,83,pm,34,234,0,2
oakMargin,83,pm,34,234,0,3
oakMargin,83,pm,34,234,0,4
oakMargin,83,pm,34,234,0,5
oakMargin,83,pm,34,234,0,6
oakMargin,83,pm,34,234,0,7
oakMargin,83,pm,34,234,0,8
oakMargin,83,pm,34,234,0,9
oakMargin,83,pm,34,234,0,10
oakMargin,85,pm,34,234,0,1
oakMargin,85,pm,34,234,0,2
oakMargin,85,pm,34,234,0,3
oakMargin,85,pm,34,234,0,4
oakMargin,85,pm,34,234,0,5
oakMargin,85,pm,34,234,0,6
oakMargin,85,pm,34,234,0,7
oakMargin,85,pm,34,234,0,8
oakMargin,85,pm,34,234,0,9
oakMargin,85,pm,34,234,0,10
control,49,am,34,234,0,1
control,49,am,34,234,0,2
control,49,am,34,234,0,3
control,49,am,34,234,0,4
control,49,am,34,234,0,5
control,49,am,34,234,0,6
control,49,am,34,234,0,7
control,49,am,34,234,0,8
control,49,am,34,234,1,9
control,49,am,34,234,0,10
control,51,am,34,234,0,1
control,51,am,34,234,0,2
control,51,am,34,234,0,3
control,51,am,34,234,0,4
control,51,am,34,234,0,5
control,51,am,34,234,0,6
control,51,am,34,234,0,7
control,51,am,34,234,0,8
control,51,am,34,234,0,9
control,51,am,34,234,0,10
control,53,am,34,234,0,1
control,53,am,34,234,0,2
control,53,am,34,234,0,3
control,53,am,34,234,0,4
control,53,am,34,234,0,5
control,53,am,34,234,0,6
control,53,am,34,234,0,7
control,53,am,34,234,0,8
control,53,am,34,234,0,9
control,53,am,34,234,0,10
control,51,pm,34,234,0,1
control,51,pm,34,234,0,2
control,51,pm,34,234,0,3
control,51,pm,34,234,0,4
control,51,pm,34,234,0,5
control,51,pm,34,234,0,6
control,51,pm,34,234,0,7
control,51,pm,34,234,0,8
control,51,pm,34,234,0,9
control,51,pm,34,234,0,10
control,53,pm,34,234,0,1
control,53,pm,34,234,0,2
control,53,pm,34,234,0,3
control,53,pm,34,234,0,4
control,53,pm,34,234,0,5
control,53,pm,34,234,0,6
control,53,pm,34,234,0,7
control,53,pm,34,234,0,8
control,53,pm,34,234,0,9
control,53,pm,34,234,0,10
control,55,pm,34,234,0,1
control,55,pm,34,234,0,2
control,55,pm,34,234,0,3
control,55,pm,34,234,0,4
control,55,pm,34,234,0,5
control,55,pm,34,234,0,6
control,55,pm,34,234,0,7
control,55,pm,34,234,0,8
control,55,pm,34,234,0,9
control,55,pm,34,234,0,10
oakMargin,81,am,34,234,0,1
oakMargin,81,am,34,234,0,2
oakMargin,81,am,34,234,0,3
oakMargin,81,am,34,234,0,4
oakMargin,81,am,34,234,0,5
oakMargin,81,am,34,234,0,6
oakMargin,81,am,34,234,0,7
oakMargin,81,am,34,234,0,8
oakMargin,81,am,34,234,0,9
oakMargin,81,am,34,234,0,10
oakMargin,83,am,34,234,0,1
oakMargin,83,am,34,234,0,2
oakMargin,83,am,34,234,0,3
oakMargin,83,am,34,234,0,4
oakMargin,83,am,34,234,0,5
oakMargin,83,am,34,234,0,6
oakMargin,83,am,34,234,0,7
oakMargin,83,am,34,234,0,8
oakMargin,83,am,34,234,0,9
oakMargin,83,am,34,234,0,10
oakMargin,85,am,34,234,0,1
oakMargin,85,am,34,234,0,2
oakMargin,85,am,34,234,0,3
oakMargin,85,am,34,234,0,4
oakMargin,85,am,34,234,0,5
oakMargin,85,am,34,234,0,6
oakMargin,85,am,34,234,0,7
oakMargin,85,am,34,234,0,8
oakMargin,85,am,34,234,0,9
oakMargin,85,am,34,234,0,10
control,49,pm,34,235,0,1
control,49,pm,34,235,0,2
control,49,pm,34,235,0,3
control,49,pm,34,235,0,4
control,49,pm,34,235,0,5
control,49,pm,34,235,0,6
control,49,pm,34,235,0,7
control,49,pm,34,235,0,8
control,49,pm,34,235,0,9
control,49,pm,34,235,0,10
control,51,pm,34,235,0,1
control,51,pm,34,235,0,2
control,51,pm,34,235,0,3
control,51,pm,34,235,0,4
control,51,pm,34,235,0,5
control,51,pm,34,235,0,6
control,51,pm,34,235,0,7
control,51,pm,34,235,0,8
control,51,pm,34,235,0,9
control,51,pm,34,235,0,10
control,53,pm,34,235,0,1
control,53,pm,34,235,1,2
control,53,pm,34,235,0,3
control,53,pm,34,235,0,4
control,53,pm,34,235,0,5
control,53,pm,34,235,0,6
control,53,pm,34,235,0,7
control,53,pm,34,235,0,8
control,53,pm,34,235,0,9
control,53,pm,34,235,0,10
oakMargin,81,am,34,235,0,1
oakMargin,81,am,34,235,0,2
oakMargin,81,am,34,235,0,3
oakMargin,81,am,34,235,0,4
oakMargin,81,am,34,235,0,5
oakMargin,81,am,34,235,0,6
oakMargin,81,am,34,235,0,7
oakMargin,81,am,34,235,0,8
oakMargin,81,am,34,235,0,9
oakMargin,81,am,34,235,0,10
oakMargin,83,am,34,235,0,1
oakMargin,83,am,34,235,0,2
oakMargin,83,am,34,235,0,3
oakMargin,83,am,34,235,0,4
oakMargin,83,am,34,235,0,5
oakMargin,83,am,34,235,0,6
oakMargin,83,am,34,235,0,7
oakMargin,83,am,34,235,0,8
oakMargin,83,am,34,235,0,9
oakMargin,83,am,34,235,0,10
oakMargin,85,am,34,235,0,1
oakMargin,85,am,34,235,0,2
oakMargin,85,am,34,235,0,3
oakMargin,85,am,34,235,0,4
oakMargin,85,am,34,235,0,5
oakMargin,85,am,34,235,0,6
oakMargin,85,am,34,235,0,7
oakMargin,85,am,34,235,0,8
oakMargin,85,am,34,235,0,9
oakMargin,85,am,34,235,0,10
oakMargin,81,pm,34,235,0,1
oakMargin,81,pm,34,235,0,2
oakMargin,81,pm,34,235,0,3
oakMargin,81,pm,34,235,0,4
oakMargin,81,pm,34,235,0,5
oakMargin,81,pm,34,235,0,6
oakMargin,81,pm,34,235,0,7
oakMargin,81,pm,34,235,0,8
oakMargin,81,pm,34,235,0,9
oakMargin,81,pm,34,235,0,10
oakMargin,83,pm,34,235,0,1
oakMargin,83,pm,34,235,0,2
oakMargin,83,pm,34,235,0,3
oakMargin,83,pm,34,235,0,4
oakMargin,83,pm,34,235,0,5
oakMargin,83,pm,34,235,0,6
oakMargin,83,pm,34,235,0,7
oakMargin,83,pm,34,235,0,8
oakMargin,83,pm,34,235,0,9
oakMargin,83,pm,34,235,0,10
oakMargin,85,pm,34,235,0,1
oakMargin,85,pm,34,235,0,2
oakMargin,85,pm,34,235,0,3
oakMargin,85,pm,34,235,0,4
oakMargin,85,pm,34,235,0,5
oakMargin,85,pm,34,235,0,6
oakMargin,85,pm,34,235,0,7
oakMargin,85,pm,34,235,0,8
oakMargin,85,pm,34,235,0,9
oakMargin,85,pm,34,235,0,10
control,49,am,34,235,0,1
control,49,am,34,235,0,2
control,49,am,34,235,0,3
control,49,am,34,235,0,4
control,49,am,34,235,0,5
control,49,am,34,235,0,6
control,49,am,34,235,0,7
control,49,am,34,235,0,8
control,49,am,34,235,0,9
control,49,am,34,235,0,10
control,51,am,34,235,0,1
control,51,am,34,235,0,2
control,51,am,34,235,0,3
control,51,am,34,235,0,4
control,51,am,34,235,0,5
control,51,am,34,235,0,6
control,51,am,34,235,0,7
control,51,am,34,235,0,8
control,51,am,34,235,0,9
control,51,am,34,235,0,10
control,53,am,34,235,0,1
control,53,am,34,235,0,2
control,53,am,34,235,0,3
control,53,am,34,235,0,4
control,53,am,34,235,0,5
control,53,am,34,235,0,6
control,53,am,34,235,0,7
control,53,am,34,235,0,8
control,53,am,34,235,0,9
control,53,am,34,235,0,10
oakMargin,81,pm,34,236,0,1
oakMargin,81,pm,34,236,0,2
oakMargin,81,pm,34,236,0,3
oakMargin,81,pm,34,236,0,4
oakMargin,81,pm,34,236,0,5
oakMargin,81,pm,34,236,0,6
oakMargin,81,pm,34,236,0,7
oakMargin,81,pm,34,236,0,8
oakMargin,81,pm,34,236,0,9
oakMargin,81,pm,34,236,0,10
oakMargin,83,pm,34,236,0,1
oakMargin,83,pm,34,236,0,2
oakMargin,83,pm,34,236,0,3
oakMargin,83,pm,34,236,0,4
oakMargin,83,pm,34,236,0,5
oakMargin,83,pm,34,236,0,6
oakMargin,83,pm,34,236,0,7
oakMargin,83,pm,34,236,0,8
oakMargin,83,pm,34,236,0,9
oakMargin,83,pm,34,236,0,10
oakMargin,85,pm,34,236,0,1
oakMargin,85,pm,34,236,0,2
oakMargin,85,pm,34,236,0,3
oakMargin,85,pm,34,236,0,4
oakMargin,85,pm,34,236,0,5
oakMargin,85,pm,34,236,0,6
oakMargin,85,pm,34,236,0,7
oakMargin,85,pm,34,236,0,8
oakMargin,85,pm,34,236,0,9
oakMargin,85,pm,34,236,0,10
oakMargin,81,am,34,236,0,1
oakMargin,81,am,34,236,0,2
oakMargin,81,am,34,236,0,3
oakMargin,81,am,34,236,0,4
oakMargin,81,am,34,236,0,5
oakMargin,81,am,34,236,0,6
oakMargin,81,am,34,236,0,7
oakMargin,81,am,34,236,0,8
oakMargin,81,am,34,236,0,9
oakMargin,81,am,34,236,0,10
oakMargin,83,am,34,236,0,1
oakMargin,83,am,34,236,0,2
oakMargin,83,am,34,236,0,3
oakMargin,83,am,34,236,0,4
oakMargin,83,am,34,236,0,5
oakMargin,83,am,34,236,0,6
oakMargin,83,am,34,236,0,7
oakMargin,83,am,34,236,0,8
oakMargin,83,am,34,236,0,9
oakMargin,83,am,34,236,0,10
oakMargin,85,am,34,236,0,1
oakMargin,85,am,34,236,0,2
oakMargin,85,am,34,236,0,3
oakMargin,85,am,34,236,0,4
oakMargin,85,am,34,236,0,5
oakMargin,85,am,34,236,0,6
oakMargin,85,am,34,236,0,7
oakMargin,85,am,34,236,0,8
oakMargin,85,am,34,236,0,9
oakMargin,85,am,34,236,0,10
control,49,pm,34,236,0,1
control,49,pm,34,236,0,2
control,49,pm,34,236,0,3
control,49,pm,34,236,0,4
control,49,pm,34,236,0,5
control,49,pm,34,236,0,6
control,49,pm,34,236,0,7
control,49,pm,34,236,0,8
control,49,pm,34,236,0,9
control,49,pm,34,236,0,10
control,51,pm,34,236,0,1
control,51,pm,34,236,0,2
control,51,pm,34,236,0,3
control,51,pm,34,236,0,4
control,51,pm,34,236,0,5
control,51,pm,34,236,0,6
control,51,pm,34,236,0,7
control,51,pm,34,236,0,8
control,51,pm,34,236,1,9
control,51,pm,34,236,0,10
control,53,pm,34,236,0,1
control,53,pm,34,236,0,2
control,53,pm,34,236,0,3
control,53,pm,34,236,0,4
control,53,pm,34,236,0,5
control,53,pm,34,236,0,6
control,53,pm,34,236,0,7
control,53,pm,34,236,0,8
control,53,pm,34,236,0,9
control,53,pm,34,236,1,10
control,49,am,34,236,0,1
control,49,am,34,236,0,2
control,49,am,34,236,0,3
control,49,am,34,236,0,4
control,49,am,34,236,0,5
control,49,am,34,236,0,6
control,49,am,34,236,0,7
control,49,am,34,236,0,8
control,49,am,34,236,0,9
control,49,am,34,236,0,10
control,51,am,34,236,0,1
control,51,am,34,236,0,2
control,51,am,34,236,0,3
control,51,am,34,236,0,4
control,51,am,34,236,0,5
control,51,am,34,236,0,6
control,51,am,34,236,0,7
control,51,am,34,236,0,8
control,51,am,34,236,0,9
control,51,am,34,236,0,10
control,53,am,34,236,0,1
control,53,am,34,236,0,2
control,53,am,34,236,0,3
control,53,am,34,236,0,4
control,53,am,34,236,0,5
control,53,am,34,236,0,6
control,53,am,34,236,0,7
control,53,am,34,236,0,8
control,53,am,34,236,0,9
control,53,am,34,236,0,10
